state,period,gas_price_nominal
CA,2000-05-01,1.63
CA,2000-06-01,1.622
CA,2000-07-01,1.71
CA,2000-08-01,1.676
CA,2000-09-01,1.826
CA,2000-10-01,1.812
CA,2000-11-01,1.766
CA,2000-12-01,1.679
CA,2001-01-01,1.601
CA,2001-02-01,1.637
CA,2001-03-01,1.693
CA,2001-04-01,1.793
CA,2001-05-01,1.948
CA,2001-06-01,1.927
CA,2001-07-01,1.77
CA,2001-08-01,1.559
CA,2001-09-01,1.663
CA,2001-10-01,1.546
CA,2001-11-01,1.357
CA,2001-12-01,1.158
CA,2002-01-01,1.185
CA,2002-02-01,1.274
CA,2002-03-01,1.461
CA,2002-04-01,1.61
CA,2002-05-01,1.568
CA,2002-06-01,1.586
CA,2002-07-01,1.601
CA,2002-08-01,1.588
CA,2002-09-01,1.579
CA,2002-10-01,1.531
CA,2002-11-01,1.578
CA,2002-12-01,1.536
CA,2003-01-01,1.613
CA,2003-02-01,1.805
CA,2003-03-01,2.103
CA,2003-04-01,2.045
CA,2003-05-01,1.842
CA,2003-06-01,1.764
CA,2003-07-01,1.744
CA,2003-08-01,1.867
CA,2003-09-01,2.022
CA,2003-10-01,1.791
CA,2003-11-01,1.692
CA,2003-12-01,1.633
CA,2004-01-01,1.675
CA,2004-02-01,1.868
CA,2004-03-01,2.096
CA,2004-04-01,2.139
CA,2004-05-01,2.252
CA,2004-06-01,2.275
CA,2004-07-01,2.186
CA,2004-08-01,2.085
CA,2004-09-01,2.069
CA,2004-10-01,2.33
CA,2004-11-01,2.304
CA,2004-12-01,2.097
CA,2005-01-01,1.968
CA,2005-02-01,2.118
CA,2005-03-01,2.301
CA,2005-04-01,2.551
CA,2005-05-01,2.475
CA,2005-06-01,2.364
CA,2005-07-01,2.515
CA,2005-08-01,2.677
CA,2005-09-01,2.99
CA,2005-10-01,2.883
CA,2005-11-01,2.527
CA,2005-12-01,2.274
CA,2006-01-01,2.379
CA,2006-02-01,2.495
CA,2006-03-01,2.579
CA,2006-04-01,2.88
CA,2006-05-01,3.291
CA,2006-06-01,3.214
CA,2006-07-01,3.214
CA,2006-08-01,3.166
CA,2006-09-01,2.892
CA,2006-10-01,2.548
CA,2006-11-01,2.462
CA,2006-12-01,2.542
CA,2007-01-01,2.571
CA,2007-02-01,2.668
CA,2007-03-01,3.06
CA,2007-04-01,3.292
CA,2007-05-01,3.439
CA,2007-06-01,3.281
CA,2007-07-01,3.126
CA,2007-08-01,2.899
CA,2007-09-01,2.874
CA,2007-10-01,3.065
CA,2007-11-01,3.348
CA,2007-12-01,3.307
CA,2008-01-01,3.248
CA,2008-02-01,3.184
CA,2008-03-01,3.562
CA,2008-04-01,3.799
CA,2008-05-01,3.968
CA,2008-06-01,4.484
CA,2008-07-01,4.462
CA,2008-08-01,4.079
CA,2008-09-01,3.793
CA,2008-10-01,3.389
CA,2008-11-01,2.456
CA,2008-12-01,1.823
CA,2009-01-01,2.005
CA,2009-02-01,2.22
CA,2009-03-01,2.19
CA,2009-04-01,2.331
CA,2009-05-01,2.485
CA,2009-06-01,2.923
CA,2009-07-01,2.873
CA,2009-08-01,3.01
CA,2009-09-01,3.123
CA,2009-10-01,3.014
CA,2009-11-01,2.958
CA,2009-12-01,2.915
CA,2010-01-01,3.017
CA,2010-02-01,2.945
CA,2010-03-01,3.057
CA,2010-04-01,3.091
CA,2010-05-01,3.09
CA,2010-06-01,3.087
CA,2010-07-01,3.124
CA,2010-08-01,3.14
CA,2010-09-01,3.017
CA,2010-10-01,3.098
CA,2010-11-01,3.157
CA,2010-12-01,3.25
CA,2011-01-01,3.342
CA,2011-02-01,3.53
CA,2011-03-01,3.956
CA,2011-04-01,4.16
CA,2011-05-01,4.181
CA,2011-06-01,3.918
CA,2011-07-01,3.798
CA,2011-08-01,3.777
CA,2011-09-01,3.925
CA,2011-10-01,3.844
CA,2011-11-01,3.8
CA,2011-12-01,3.6
CA,2012-01-01,3.699
CA,2012-02-01,3.98
CA,2012-03-01,4.367
CA,2012-04-01,4.245
CA,2012-05-01,4.307
CA,2012-06-01,4.085
CA,2012-07-01,3.774
CA,2012-08-01,4.063
CA,2012-09-01,4.165
CA,2012-10-01,4.412
CA,2012-11-01,3.846
CA,2012-12-01,3.58
CA,2013-01-01,3.632
CA,2013-02-01,4.078
CA,2013-03-01,4.144
CA,2013-04-01,3.983
CA,2013-05-01,4.005
CA,2013-06-01,4.003
CA,2013-07-01,4.008
CA,2013-08-01,3.871
CA,2013-09-01,3.942
CA,2013-10-01,3.781
CA,2013-11-01,3.594
CA,2013-12-01,3.594
CA,2014-01-01,3.618
CA,2014-02-01,3.677
CA,2014-03-01,3.935
CA,2014-04-01,4.161
CA,2014-05-01,4.171
CA,2014-06-01,4.114
CA,2014-07-01,4.061
CA,2014-08-01,3.912
CA,2014-09-01,3.773
CA,2014-10-01,3.536
CA,2014-11-01,3.185
CA,2014-12-01,2.867
CA,2015-01-01,2.547
CA,2015-02-01,2.706
CA,2015-03-01,3.338
CA,2015-04-01,3.21
CA,2015-05-01,3.752
CA,2015-06-01,3.545
CA,2015-07-01,3.755
CA,2015-08-01,3.54
CA,2015-09-01,3.122
CA,2015-10-01,2.893
CA,2015-11-01,2.766
CA,2015-12-01,2.724
CA,2016-01-01,2.768
CA,2016-02-01,2.423
CA,2016-03-01,2.625
CA,2016-04-01,2.768
CA,2016-05-01,2.8
CA,2016-06-01,2.875
CA,2016-07-01,2.857
CA,2016-08-01,2.692
CA,2016-09-01,2.747
CA,2016-10-01,2.807
CA,2016-11-01,2.732
CA,2016-12-01,2.681
CA,2017-01-01,2.79
CA,2017-02-01,2.888
CA,2017-03-01,3.001
CA,2017-04-01,3.009
CA,2017-05-01,3.043
CA,2017-06-01,3.023
CA,2017-07-01,2.95
CA,2017-08-01,3.017
CA,2017-09-01,3.164
CA,2017-10-01,3.08
CA,2017-11-01,3.235
CA,2017-12-01,3.13
CA,2018-01-01,3.21
CA,2018-02-01,3.359
CA,2018-03-01,3.417
CA,2018-04-01,3.558
CA,2018-05-01,3.621
CA,2018-06-01,3.601
CA,2018-07-01,3.53
CA,2018-08-01,3.481
CA,2018-09-01,3.515
CA,2018-10-01,3.686
CA,2018-11-01,3.558
CA,2018-12-01,3.292
CA,2019-01-01,3.156
CA,2019-02-01,3.158
CA,2019-03-01,3.268
CA,2019-04-01,3.82
CA,2019-05-01,3.947
CA,2019-06-01,3.717
CA,2019-07-01,3.595
CA,2019-08-01,3.482
CA,2019-09-01,3.609
CA,2019-10-01,4.04
CA,2019-11-01,3.869
CA,2019-12-01,3.531
CA,2020-01-01,3.411
CA,2020-02-01,3.364
CA,2020-03-01,3.184
CA,2020-04-01,2.744
CA,2020-05-01,2.685
CA,2020-06-01,2.889
CA,2020-07-01,3.021
CA,2020-08-01,3.074
CA,2020-09-01,3.091
CA,2020-10-01,3.052
CA,2020-11-01,3.029
CA,2020-12-01,3.057
CA,2021-01-01,3.176
CA,2021-02-01,3.347
CA,2021-03-01,3.692
CA,2021-04-01,3.822
CA,2021-05-01,3.982
CA,2021-06-01,4.094
CA,2021-07-01,4.165
CA,2021-08-01,4.232
CA,2021-09-01,4.222
CA,2021-10-01,4.31
CA,2021-11-01,4.51
CA,2021-12-01,4.508
CA,2022-01-01,4.495
CA,2022-02-01,4.568
CA,2022-03-01,5.562
CA,2022-04-01,5.598
CA,2022-05-01,5.774
CA,2022-06-01,6.201
CA,2022-07-01,5.807
CA,2022-08-01,5.239
CA,2022-09-01,5.272
CA,2022-10-01,5.805
CA,2022-11-01,5.071
CA,2022-12-01,4.317
CA,2023-01-01,4.265
CA,2023-02-01,4.487
CA,2023-03-01,4.682
CA,2023-04-01,4.682
CA,2023-05-01,4.633
CA,2023-06-01,4.674
CA,2023-07-01,4.717
CA,2023-08-01,5.023
CA,2023-09-01,5.412
CA,2023-10-01,5.439
CA,2023-11-01,4.826
CA,2023-12-01,4.446
CA,2024-01-01,4.369
CA,2024-02-01,4.424
CA,2024-03-01,4.72
CA,2024-04-01,5.145
CA,2024-05-01,5.005
CA,2024-06-01,4.663
CA,2024-07-01,4.471
CA,2024-08-01,4.332
CA,2024-09-01,4.455
CA,2024-10-01,4.392
CA,2024-11-01,4.236
CA,2024-12-01,4.123
CA,2025-01-01,4.187
CA,2025-02-01,4.464
CA,2025-03-01,4.49
CA,2025-04-01,4.65
CA,2025-05-01,4.629
CA,2025-06-01,4.452
CA,2025-07-01,4.275
CA,2025-08-01,4.29
CA,2025-09-01,4.44
CA,2025-10-01,4.423
CA,2025-11-01,4.454
CA,2025-12-01,4.182
CA,2026-01-01,4.007
CA,2026-02-01,4.337
CA,2026-03-01,5.262
CO,2000-06-01,1.594
CO,2000-07-01,1.622
CO,2000-08-01,1.529
CO,2000-09-01,1.569
CO,2000-10-01,1.569
CO,2000-11-01,1.556
CO,2000-12-01,1.484
CO,2001-01-01,1.435
CO,2001-02-01,1.469
CO,2001-03-01,1.429
CO,2001-04-01,1.557
CO,2001-05-01,1.744
CO,2001-06-01,1.72
CO,2001-07-01,1.496
CO,2001-08-01,1.429
CO,2001-09-01,1.624
CO,2001-10-01,1.421
CO,2001-11-01,1.171
CO,2001-12-01,1.059
CO,2002-01-01,1.106
CO,2002-02-01,1.111
CO,2002-03-01,1.23
CO,2002-04-01,1.377
CO,2002-05-01,1.383
CO,2002-06-01,1.354
CO,2002-07-01,1.419
CO,2002-08-01,1.446
CO,2002-09-01,1.419
CO,2002-10-01,1.477
CO,2002-11-01,1.455
CO,2002-12-01,1.384
CO,2003-01-01,1.452
CO,2003-02-01,1.57
CO,2003-03-01,1.636
CO,2003-04-01,1.546
CO,2003-05-01,1.473
CO,2003-06-01,1.47
CO,2003-07-01,1.479
CO,2003-08-01,1.593
CO,2003-09-01,1.654
CO,2003-10-01,1.517
CO,2003-11-01,1.484
CO,2003-12-01,1.426
CO,2004-01-01,1.495
CO,2004-02-01,1.547
CO,2004-03-01,1.682
CO,2004-04-01,1.803
CO,2004-05-01,1.946
CO,2004-06-01,1.937
CO,2004-07-01,1.895
CO,2004-08-01,1.869
CO,2004-09-01,1.85
CO,2004-10-01,1.951
CO,2004-11-01,1.927
CO,2004-12-01,1.82
CO,2005-01-01,1.766
CO,2005-02-01,1.857
CO,2005-03-01,2.082
CO,2005-04-01,2.23
CO,2005-05-01,2.153
CO,2005-06-01,2.102
CO,2005-07-01,2.248
CO,2005-08-01,2.44
CO,2005-09-01,2.947
CO,2005-10-01,2.764
CO,2005-11-01,2.331
CO,2005-12-01,2.154
CO,2006-01-01,2.237
CO,2006-02-01,2.216
CO,2006-03-01,2.391
CO,2006-04-01,2.667
CO,2006-05-01,2.809
CO,2006-06-01,2.801
CO,2006-07-01,2.935
CO,2006-08-01,3.002
CO,2006-09-01,2.78
CO,2006-10-01,2.354
CO,2006-11-01,2.157
CO,2006-12-01,2.174
CO,2007-01-01,2.129
CO,2007-02-01,2.185
CO,2007-03-01,2.486
CO,2007-04-01,2.776
CO,2007-05-01,3.237
CO,2007-06-01,3.192
CO,2007-07-01,3.073
CO,2007-08-01,2.861
CO,2007-09-01,2.867
CO,2007-10-01,2.791
CO,2007-11-01,3.024
CO,2007-12-01,2.879
CO,2008-01-01,2.853
CO,2008-02-01,2.934
CO,2008-03-01,3.115
CO,2008-04-01,3.356
CO,2008-05-01,3.663
CO,2008-06-01,3.936
CO,2008-07-01,3.996
CO,2008-08-01,3.813
CO,2008-09-01,3.65
CO,2008-10-01,3.047
CO,2008-11-01,2.098
CO,2008-12-01,1.613
CO,2009-01-01,1.589
CO,2009-02-01,1.823
CO,2009-03-01,1.861
CO,2009-04-01,2.016
CO,2009-05-01,2.224
CO,2009-06-01,2.512
CO,2009-07-01,2.464
CO,2009-08-01,2.515
CO,2009-09-01,2.443
CO,2009-10-01,2.429
CO,2009-11-01,2.551
CO,2009-12-01,2.473
CO,2010-01-01,2.542
CO,2010-02-01,2.527
CO,2010-03-01,2.643
CO,2010-04-01,2.72
CO,2010-05-01,2.71
CO,2010-06-01,2.656
CO,2010-07-01,2.653
CO,2010-08-01,2.684
CO,2010-09-01,2.738
CO,2010-10-01,2.709
CO,2010-11-01,2.691
CO,2010-12-01,2.734
CO,2011-01-01,2.913
CO,2011-02-01,3.061
CO,2011-03-01,3.369
CO,2011-04-01,3.566
CO,2011-05-01,3.733
CO,2011-06-01,3.627
CO,2011-07-01,3.496
CO,2011-08-01,3.473
CO,2011-09-01,3.525
CO,2011-10-01,3.478
CO,2011-11-01,3.401
CO,2011-12-01,3.177
CO,2012-01-01,3.014
CO,2012-02-01,3.088
CO,2012-03-01,3.502
CO,2012-04-01,3.859
CO,2012-05-01,3.773
CO,2012-06-01,3.677
CO,2012-07-01,3.543
CO,2012-08-01,3.497
CO,2012-09-01,3.658
CO,2012-10-01,3.669
CO,2012-11-01,3.432
CO,2012-12-01,3.161
CO,2013-01-01,2.883
CO,2013-02-01,3.404
CO,2013-03-01,3.562
CO,2013-04-01,3.555
CO,2013-05-01,3.717
CO,2013-06-01,3.712
CO,2013-07-01,3.542
CO,2013-08-01,3.515
CO,2013-09-01,3.527
CO,2013-10-01,3.353
CO,2013-11-01,3.173
CO,2013-12-01,3.064
CO,2014-01-01,3.18
CO,2014-02-01,3.288
CO,2014-03-01,3.576
CO,2014-04-01,3.529
CO,2014-05-01,3.461
CO,2014-06-01,3.509
CO,2014-07-01,3.595
CO,2014-08-01,3.628
CO,2014-09-01,3.561
CO,2014-10-01,3.224
CO,2014-11-01,2.957
CO,2014-12-01,2.483
CO,2015-01-01,1.928
CO,2015-02-01,2.027
CO,2015-03-01,2.209
CO,2015-04-01,2.294
CO,2015-05-01,2.536
CO,2015-06-01,2.625
CO,2015-07-01,2.72
CO,2015-08-01,2.797
CO,2015-09-01,2.567
CO,2015-10-01,2.287
CO,2015-11-01,2.007
CO,2015-12-01,1.864
CO,2016-01-01,1.798
CO,2016-02-01,1.61
CO,2016-03-01,1.893
CO,2016-04-01,1.997
CO,2016-05-01,2.163
CO,2016-06-01,2.251
CO,2016-07-01,2.195
CO,2016-08-01,2.109
CO,2016-09-01,2.167
CO,2016-10-01,2.158
CO,2016-11-01,2.056
CO,2016-12-01,2.071
CO,2017-01-01,2.227
CO,2017-02-01,2.159
CO,2017-03-01,2.165
CO,2017-04-01,2.275
CO,2017-05-01,2.312
CO,2017-06-01,2.287
CO,2017-07-01,2.211
CO,2017-08-01,2.299
CO,2017-09-01,2.513
CO,2017-10-01,2.439
CO,2017-11-01,2.523
CO,2017-12-01,2.449
CO,2018-01-01,2.409
CO,2018-02-01,2.435
CO,2018-03-01,2.39
CO,2018-04-01,2.561
CO,2018-05-01,2.756
CO,2018-06-01,2.819
CO,2018-07-01,2.763
CO,2018-08-01,2.747
CO,2018-09-01,2.847
CO,2018-10-01,2.897
CO,2018-11-01,2.705
CO,2018-12-01,2.363
CO,2019-01-01,2.075
CO,2019-02-01,2.017
CO,2019-03-01,2.286
CO,2019-04-01,2.617
CO,2019-05-01,2.808
CO,2019-06-01,2.763
CO,2019-07-01,2.621
CO,2019-08-01,2.496
CO,2019-09-01,2.579
CO,2019-10-01,2.706
CO,2019-11-01,2.773
CO,2019-12-01,2.725
CO,2020-01-01,2.588
CO,2020-02-01,2.446
CO,2020-03-01,2.138
CO,2020-04-01,1.758
CO,2020-05-01,1.731
CO,2020-06-01,2.271
CO,2020-07-01,2.435
CO,2020-08-01,2.364
CO,2020-09-01,2.277
CO,2020-10-01,2.196
CO,2020-11-01,2.112
CO,2020-12-01,2.16
CO,2021-01-01,2.262
CO,2021-02-01,2.398
CO,2021-03-01,2.788
CO,2021-04-01,2.905
CO,2021-05-01,3.026
CO,2021-06-01,3.234
CO,2021-07-01,3.465
CO,2021-08-01,3.592
CO,2021-09-01,3.552
CO,2021-10-01,3.508
CO,2021-11-01,3.466
CO,2021-12-01,3.308
CO,2022-01-01,3.242
CO,2022-02-01,3.288
CO,2022-03-01,3.882
CO,2022-04-01,3.909
CO,2022-05-01,4.063
CO,2022-06-01,4.795
CO,2022-07-01,4.74
CO,2022-08-01,3.95
CO,2022-09-01,3.568
CO,2022-10-01,3.542
CO,2022-11-01,3.29
CO,2022-12-01,2.852
CO,2023-01-01,3.341
CO,2023-02-01,4.005
CO,2023-03-01,3.753
CO,2023-04-01,3.436
CO,2023-05-01,3.322
CO,2023-06-01,3.468
CO,2023-07-01,3.809
CO,2023-08-01,3.93
CO,2023-09-01,3.884
CO,2023-10-01,3.599
CO,2023-11-01,3.052
CO,2023-12-01,2.687
CO,2024-01-01,2.606
CO,2024-02-01,2.799
CO,2024-03-01,2.961
CO,2024-04-01,3.041
CO,2024-05-01,3.222
CO,2024-06-01,3.212
CO,2024-07-01,3.28
CO,2024-08-01,3.314
CO,2024-09-01,3.369
CO,2024-10-01,3.175
CO,2024-11-01,2.921
CO,2024-12-01,2.809
CO,2025-01-01,2.84
CO,2025-02-01,2.953
CO,2025-03-01,2.89
CO,2025-04-01,3.012
CO,2025-05-01,3.025
CO,2025-06-01,3.019
CO,2025-07-01,2.954
CO,2025-08-01,2.976
CO,2025-09-01,3.066
CO,2025-10-01,2.793
CO,2025-11-01,2.636
CO,2025-12-01,2.3
CO,2026-01-01,2.324
CO,2026-02-01,2.614
CO,2026-03-01,3.536
FL,2003-05-01,1.439
FL,2003-06-01,1.458
FL,2003-07-01,1.507
FL,2003-08-01,1.6
FL,2003-09-01,1.625
FL,2003-10-01,1.521
FL,2003-11-01,1.482
FL,2003-12-01,1.48
FL,2004-01-01,1.606
FL,2004-02-01,1.658
FL,2004-03-01,1.743
FL,2004-04-01,1.804
FL,2004-05-01,1.953
FL,2004-06-01,1.982
FL,2004-07-01,1.922
FL,2004-08-01,1.816
FL,2004-09-01,1.875
FL,2004-10-01,1.995
FL,2004-11-01,2.014
FL,2004-12-01,1.923
FL,2005-01-01,1.883
FL,2005-02-01,1.931
FL,2005-03-01,2.1
FL,2005-04-01,2.27
FL,2005-05-01,2.19
FL,2005-06-01,2.163
FL,2005-07-01,2.275
FL,2005-08-01,2.482
FL,2005-09-01,2.882
FL,2005-10-01,2.825
FL,2005-11-01,2.371
FL,2005-12-01,2.218
FL,2006-01-01,2.362
FL,2006-02-01,2.317
FL,2006-03-01,2.458
FL,2006-04-01,2.798
FL,2006-05-01,2.871
FL,2006-06-01,2.822
FL,2006-07-01,2.932
FL,2006-08-01,2.947
FL,2006-09-01,2.637
FL,2006-10-01,2.247
FL,2006-11-01,2.231
FL,2006-12-01,2.316
FL,2007-01-01,2.27
FL,2007-02-01,2.251
FL,2007-03-01,2.558
FL,2007-04-01,2.836
FL,2007-05-01,3.035
FL,2007-06-01,2.991
FL,2007-07-01,2.908
FL,2007-08-01,2.739
FL,2007-09-01,2.775
FL,2007-10-01,2.826
FL,2007-11-01,3.104
FL,2007-12-01,3.062
FL,2008-01-01,3.094
FL,2008-02-01,3.07
FL,2008-03-01,3.284
FL,2008-04-01,3.471
FL,2008-05-01,3.765
FL,2008-06-01,3.995
FL,2008-07-01,4.028
FL,2008-08-01,3.767
FL,2008-09-01,3.733
FL,2008-10-01,3.127
FL,2008-11-01,2.171
FL,2008-12-01,1.724
FL,2009-01-01,1.813
FL,2009-02-01,1.959
FL,2009-03-01,1.983
FL,2009-04-01,2.084
FL,2009-05-01,2.249
FL,2009-06-01,2.605
FL,2009-07-01,2.536
FL,2009-08-01,2.57
FL,2009-09-01,2.469
FL,2009-10-01,2.51
FL,2009-11-01,2.678
FL,2009-12-01,2.633
FL,2010-01-01,2.742
FL,2010-02-01,2.678
FL,2010-03-01,2.8
FL,2010-04-01,2.841
FL,2010-05-01,2.816
FL,2010-06-01,2.649
FL,2010-07-01,2.633
FL,2010-08-01,2.66
FL,2010-09-01,2.642
FL,2010-10-01,2.758
FL,2010-11-01,2.817
FL,2010-12-01,2.984
FL,2011-01-01,3.092
FL,2011-02-01,3.182
FL,2011-03-01,3.544
FL,2011-04-01,3.752
FL,2011-05-01,3.832
FL,2011-06-01,3.582
FL,2011-07-01,3.589
FL,2011-08-01,3.598
FL,2011-09-01,3.521
FL,2011-10-01,3.378
FL,2011-11-01,3.348
FL,2011-12-01,3.255
FL,2012-01-01,3.413
FL,2012-02-01,3.648
FL,2012-03-01,3.819
FL,2012-04-01,3.885
FL,2012-05-01,3.568
FL,2012-06-01,3.322
FL,2012-07-01,3.303
FL,2012-08-01,3.623
FL,2012-09-01,3.756
FL,2012-10-01,3.625
FL,2012-11-01,3.349
FL,2012-12-01,3.293
FL,2013-01-01,3.402
FL,2013-02-01,3.697
FL,2013-03-01,3.708
FL,2013-04-01,3.49
FL,2013-05-01,3.433
FL,2013-06-01,3.454
FL,2013-07-01,3.502
FL,2013-08-01,3.499
FL,2013-09-01,3.441
FL,2013-10-01,3.272
FL,2013-11-01,3.26
FL,2013-12-01,3.401
FL,2014-01-01,3.371
FL,2014-02-01,3.35
FL,2014-03-01,3.505
FL,2014-04-01,3.682
FL,2014-05-01,3.625
FL,2014-06-01,3.554
FL,2014-07-01,3.485
FL,2014-08-01,3.313
FL,2014-09-01,3.278
FL,2014-10-01,3.137
FL,2014-11-01,2.848
FL,2014-12-01,2.552
FL,2015-01-01,2.141
FL,2015-02-01,2.186
FL,2015-03-01,2.424
FL,2015-04-01,2.458
FL,2015-05-01,2.574
FL,2015-06-01,2.653
FL,2015-07-01,2.578
FL,2015-08-01,2.346
FL,2015-09-01,2.125
FL,2015-10-01,2.122
FL,2015-11-01,2.079
FL,2015-12-01,1.993
FL,2016-01-01,1.889
FL,2016-02-01,1.73
FL,2016-03-01,1.942
FL,2016-04-01,2.026
FL,2016-05-01,2.175
FL,2016-06-01,2.276
FL,2016-07-01,2.124
FL,2016-08-01,2.06
FL,2016-09-01,2.145
FL,2016-10-01,2.182
FL,2016-11-01,2.089
FL,2016-12-01,2.237
FL,2017-01-01,2.335
FL,2017-02-01,2.223
FL,2017-03-01,2.231
FL,2017-04-01,2.384
FL,2017-05-01,2.303
FL,2017-06-01,2.256
FL,2017-07-01,2.145
FL,2017-08-01,2.247
FL,2017-09-01,2.673
FL,2017-10-01,2.417
FL,2017-11-01,2.43
FL,2017-12-01,2.342
FL,2018-01-01,2.461
FL,2018-02-01,2.542
FL,2018-03-01,2.488
FL,2018-04-01,2.636
FL,2018-05-01,2.781
FL,2018-06-01,2.732
FL,2018-07-01,2.715
FL,2018-08-01,2.724
FL,2018-09-01,2.723
FL,2018-10-01,2.747
FL,2018-11-01,2.496
FL,2018-12-01,2.229
FL,2019-01-01,2.146
FL,2019-02-01,2.242
FL,2019-03-01,2.504
FL,2019-04-01,2.697
FL,2019-05-01,2.635
FL,2019-06-01,2.468
FL,2019-07-01,2.568
FL,2019-08-01,2.376
FL,2019-09-01,2.398
FL,2019-10-01,2.384
FL,2019-11-01,2.351
FL,2019-12-01,2.421
FL,2020-01-01,2.455
FL,2020-02-01,2.327
FL,2020-03-01,2.129
FL,2020-04-01,1.804
FL,2020-05-01,1.77
FL,2020-06-01,1.948
FL,2020-07-01,2.065
FL,2020-08-01,2.069
FL,2020-09-01,2.11
FL,2020-10-01,2.096
FL,2020-11-01,1.974
FL,2020-12-01,2.139
FL,2021-01-01,2.266
FL,2021-02-01,2.44
FL,2021-03-01,2.759
FL,2021-04-01,2.787
FL,2021-05-01,2.816
FL,2021-06-01,2.886
FL,2021-07-01,2.952
FL,2021-08-01,2.945
FL,2021-09-01,3.006
FL,2021-10-01,3.141
FL,2021-11-01,3.268
FL,2021-12-01,3.194
FL,2022-01-01,3.186
FL,2022-02-01,3.439
FL,2022-03-01,4.104
FL,2022-04-01,4.02
FL,2022-05-01,4.346
FL,2022-06-01,4.723
FL,2022-07-01,4.249
FL,2022-08-01,3.629
FL,2022-09-01,3.383
FL,2022-10-01,3.258
FL,2022-11-01,3.41
FL,2022-12-01,3.044
FL,2023-01-01,3.315
FL,2023-02-01,3.3
FL,2023-03-01,3.278
FL,2023-04-01,3.53
FL,2023-05-01,3.439
FL,2023-06-01,3.356
FL,2023-07-01,3.411
FL,2023-08-01,3.713
FL,2023-09-01,3.592
FL,2023-10-01,3.305
FL,2023-11-01,3.041
FL,2023-12-01,2.986
FL,2024-01-01,3.033
FL,2024-02-01,3.189
FL,2024-03-01,3.365
FL,2024-04-01,3.466
FL,2024-05-01,3.439
FL,2024-06-01,3.266
FL,2024-07-01,3.367
FL,2024-08-01,3.281
FL,2024-09-01,3.111
FL,2024-10-01,3.044
FL,2024-11-01,3.024
FL,2024-12-01,3.028
FL,2025-01-01,3.079
FL,2025-02-01,3.018
FL,2025-03-01,2.998
FL,2025-04-01,3.0
FL,2025-05-01,2.943
FL,2025-06-01,2.973
FL,2025-07-01,2.969
FL,2025-08-01,2.955
FL,2025-09-01,2.977
FL,2025-10-01,2.883
FL,2025-11-01,2.902
FL,2025-12-01,2.801
FL,2026-01-01,2.71
FL,2026-02-01,2.814
FL,2026-03-01,3.553
MA,2003-05-01,1.498
MA,2003-06-01,1.486
MA,2003-07-01,1.506
MA,2003-08-01,1.609
MA,2003-09-01,1.773
MA,2003-10-01,1.677
MA,2003-11-01,1.557
MA,2003-12-01,1.506
MA,2004-01-01,1.577
MA,2004-02-01,1.65
MA,2004-03-01,1.706
MA,2004-04-01,1.733
MA,2004-05-01,1.975
MA,2004-06-01,2.064
MA,2004-07-01,1.942
MA,2004-08-01,1.901
MA,2004-09-01,1.874
MA,2004-10-01,1.98
MA,2004-11-01,1.988
MA,2004-12-01,1.881
MA,2005-01-01,1.827
MA,2005-02-01,1.888
MA,2005-03-01,1.99
MA,2005-04-01,2.155
MA,2005-05-01,2.159
MA,2005-06-01,2.162
MA,2005-07-01,2.35
MA,2005-08-01,2.506
MA,2005-09-01,3.041
MA,2005-10-01,2.673
MA,2005-11-01,2.179
MA,2005-12-01,2.138
MA,2006-01-01,2.331
MA,2006-02-01,2.255
MA,2006-03-01,2.318
MA,2006-04-01,2.677
MA,2006-05-01,2.94
MA,2006-06-01,2.974
MA,2006-07-01,3.016
MA,2006-08-01,2.977
MA,2006-09-01,2.603
MA,2006-10-01,2.203
MA,2006-11-01,2.168
MA,2006-12-01,2.295
MA,2007-01-01,2.259
MA,2007-02-01,2.205
MA,2007-03-01,2.502
MA,2007-04-01,2.739
MA,2007-05-01,2.993
MA,2007-06-01,2.98
MA,2007-07-01,2.892
MA,2007-08-01,2.732
MA,2007-09-01,2.638
MA,2007-10-01,2.672
MA,2007-11-01,2.972
MA,2007-12-01,3.01
MA,2008-01-01,3.026
MA,2008-02-01,2.975
MA,2008-03-01,3.094
MA,2008-04-01,3.317
MA,2008-05-01,3.724
MA,2008-06-01,4.017
MA,2008-07-01,4.028
MA,2008-08-01,3.712
MA,2008-09-01,3.522
MA,2008-10-01,2.938
MA,2008-11-01,2.127
MA,2008-12-01,1.678
MA,2009-01-01,1.707
MA,2009-02-01,1.857
MA,2009-03-01,1.887
MA,2009-04-01,1.979
MA,2009-05-01,2.212
MA,2009-06-01,2.562
MA,2009-07-01,2.507
MA,2009-08-01,2.587
MA,2009-09-01,2.556
MA,2009-10-01,2.493
MA,2009-11-01,2.617
MA,2009-12-01,2.587
MA,2010-01-01,2.687
MA,2010-02-01,2.65
MA,2010-03-01,2.686
MA,2010-04-01,2.768
MA,2010-05-01,2.827
MA,2010-06-01,2.699
MA,2010-07-01,2.677
MA,2010-08-01,2.66
MA,2010-09-01,2.591
MA,2010-10-01,2.758
MA,2010-11-01,2.898
MA,2010-12-01,3.025
MA,2011-01-01,3.111
MA,2011-02-01,3.183
MA,2011-03-01,3.48
MA,2011-04-01,3.71
MA,2011-05-01,3.922
MA,2011-06-01,3.741
MA,2011-07-01,3.725
MA,2011-08-01,3.707
MA,2011-09-01,3.624
MA,2011-10-01,3.45
MA,2011-11-01,3.387
MA,2011-12-01,3.275
MA,2012-01-01,3.395
MA,2012-02-01,3.586
MA,2012-03-01,3.734
MA,2012-04-01,3.859
MA,2012-05-01,3.722
MA,2012-06-01,3.507
MA,2012-07-01,3.482
MA,2012-08-01,3.71
MA,2012-09-01,3.853
MA,2012-10-01,3.829
MA,2012-11-01,3.619
MA,2012-12-01,3.446
MA,2013-01-01,3.429
MA,2013-02-01,3.678
MA,2013-03-01,3.675
MA,2013-04-01,3.519
MA,2013-05-01,3.476
MA,2013-06-01,3.515
MA,2013-07-01,3.612
MA,2013-08-01,3.684
MA,2013-09-01,3.628
MA,2013-10-01,3.434
MA,2013-11-01,3.336
MA,2013-12-01,3.444
MA,2014-01-01,3.446
MA,2014-02-01,3.403
MA,2014-03-01,3.512
MA,2014-04-01,3.593
MA,2014-05-01,3.664
MA,2014-06-01,3.673
MA,2014-07-01,3.669
MA,2014-08-01,3.52
MA,2014-09-01,3.45
MA,2014-10-01,3.248
MA,2014-11-01,2.963
MA,2014-12-01,2.686
MA,2015-01-01,2.249
MA,2015-02-01,2.165
MA,2015-03-01,2.362
MA,2015-04-01,2.39
MA,2015-05-01,2.628
MA,2015-06-01,2.727
MA,2015-07-01,2.713
MA,2015-08-01,2.508
MA,2015-09-01,2.273
MA,2015-10-01,2.143
MA,2015-11-01,2.104
MA,2015-12-01,2.05
MA,2016-01-01,1.944
MA,2016-02-01,1.79
MA,2016-03-01,1.87
MA,2016-04-01,2.072
MA,2016-05-01,2.257
MA,2016-06-01,2.323
MA,2016-07-01,2.239
MA,2016-08-01,2.119
MA,2016-09-01,2.149
MA,2016-10-01,2.203
MA,2016-11-01,2.168
MA,2016-12-01,2.221
MA,2017-01-01,2.287
MA,2017-02-01,2.238
MA,2017-03-01,2.223
MA,2017-04-01,2.308
MA,2017-05-01,2.376
MA,2017-06-01,2.319
MA,2017-07-01,2.27
MA,2017-08-01,2.35
MA,2017-09-01,2.732
MA,2017-10-01,2.613
MA,2017-11-01,2.58
MA,2017-12-01,2.528
MA,2018-01-01,2.54
MA,2018-02-01,2.59
MA,2018-03-01,2.538
MA,2018-04-01,2.674
MA,2018-05-01,2.873
MA,2018-06-01,2.904
MA,2018-07-01,2.878
MA,2018-08-01,2.864
MA,2018-09-01,2.843
MA,2018-10-01,2.828
MA,2018-11-01,2.718
MA,2018-12-01,2.562
MA,2019-01-01,2.41
MA,2019-02-01,2.347
MA,2019-03-01,2.434
MA,2019-04-01,2.648
MA,2019-05-01,2.818
MA,2019-06-01,2.707
MA,2019-07-01,2.694
MA,2019-08-01,2.659
MA,2019-09-01,2.572
MA,2019-10-01,2.548
MA,2019-11-01,2.539
MA,2019-12-01,2.535
MA,2020-01-01,2.555
MA,2020-02-01,2.488
MA,2020-03-01,2.281
MA,2020-04-01,1.9
MA,2020-05-01,1.895
MA,2020-06-01,2.018
MA,2020-07-01,2.088
MA,2020-08-01,2.095
MA,2020-09-01,2.093
MA,2020-10-01,2.062
MA,2020-11-01,2.043
MA,2020-12-01,2.14
MA,2021-01-01,2.294
MA,2021-02-01,2.452
MA,2021-03-01,2.707
MA,2021-04-01,2.738
MA,2021-05-01,2.861
MA,2021-06-01,2.931
MA,2021-07-01,3.004
MA,2021-08-01,3.023
MA,2021-09-01,3.075
MA,2021-10-01,3.223
MA,2021-11-01,3.395
MA,2021-12-01,3.358
MA,2022-01-01,3.318
MA,2022-02-01,3.482
MA,2022-03-01,4.212
MA,2022-04-01,4.066
MA,2022-05-01,4.534
MA,2022-06-01,4.96
MA,2022-07-01,4.601
MA,2022-08-01,4.21
MA,2022-09-01,3.683
MA,2022-10-01,3.564
MA,2022-11-01,3.775
MA,2022-12-01,3.428
MA,2023-01-01,3.31
MA,2023-02-01,3.306
MA,2023-03-01,3.221
MA,2023-04-01,3.344
MA,2023-05-01,3.428
MA,2023-06-01,3.501
MA,2023-07-01,3.541
MA,2023-08-01,3.739
MA,2023-09-01,3.717
MA,2023-10-01,3.594
MA,2023-11-01,3.411
MA,2023-12-01,3.226
MA,2024-01-01,3.099
MA,2024-02-01,3.125
MA,2024-03-01,3.208
MA,2024-04-01,3.426
MA,2024-05-01,3.545
MA,2024-06-01,3.448
MA,2024-07-01,3.473
MA,2024-08-01,3.377
MA,2024-09-01,3.144
MA,2024-10-01,3.027
MA,2024-11-01,2.964
MA,2024-12-01,2.981
MA,2025-01-01,2.982
MA,2025-02-01,2.983
MA,2025-03-01,2.921
MA,2025-04-01,2.906
MA,2025-05-01,2.944
MA,2025-06-01,2.984
MA,2025-07-01,3.004
MA,2025-08-01,3.043
MA,2025-09-01,3.06
MA,2025-10-01,2.933
MA,2025-11-01,2.96
MA,2025-12-01,2.919
MA,2026-01-01,2.823
MA,2026-02-01,2.842
MA,2026-03-01,3.43
MN,2000-06-01,1.734
MN,2000-07-01,1.456
MN,2000-08-01,1.466
MN,2000-09-01,1.593
MN,2000-10-01,1.523
MN,2000-11-01,1.49
MN,2000-12-01,1.434
MN,2001-01-01,1.539
MN,2001-02-01,1.548
MN,2001-03-01,1.404
MN,2001-04-01,1.602
MN,2001-05-01,1.799
MN,2001-06-01,1.6
MN,2001-07-01,1.362
MN,2001-08-01,1.577
MN,2001-09-01,1.717
MN,2001-10-01,1.268
MN,2001-11-01,1.154
MN,2001-12-01,1.079
MN,2002-01-01,1.127
MN,2002-02-01,1.099
MN,2002-03-01,1.303
MN,2002-04-01,1.412
MN,2002-05-01,1.342
MN,2002-06-01,1.324
MN,2002-07-01,1.421
MN,2002-08-01,1.423
MN,2002-09-01,1.421
MN,2002-10-01,1.525
MN,2002-11-01,1.412
MN,2002-12-01,1.361
MN,2003-01-01,1.424
MN,2003-02-01,1.602
MN,2003-03-01,1.601
MN,2003-04-01,1.456
MN,2003-05-01,1.436
MN,2003-06-01,1.463
MN,2003-07-01,1.511
MN,2003-08-01,1.643
MN,2003-09-01,1.582
MN,2003-10-01,1.539
MN,2003-11-01,1.476
MN,2003-12-01,1.458
MN,2004-01-01,1.566
MN,2004-02-01,1.617
MN,2004-03-01,1.677
MN,2004-04-01,1.742
MN,2004-05-01,1.949
MN,2004-06-01,1.811
MN,2004-07-01,1.814
MN,2004-08-01,1.795
MN,2004-09-01,1.801
MN,2004-10-01,1.912
MN,2004-11-01,1.89
MN,2004-12-01,1.718
MN,2005-01-01,1.799
MN,2005-02-01,1.872
MN,2005-03-01,2.044
MN,2005-04-01,2.066
MN,2005-05-01,1.96
MN,2005-06-01,2.056
MN,2005-07-01,2.159
MN,2005-08-01,2.405
MN,2005-09-01,2.701
MN,2005-10-01,2.461
MN,2005-11-01,2.094
MN,2005-12-01,2.139
MN,2006-01-01,2.226
MN,2006-02-01,2.173
MN,2006-03-01,2.416
MN,2006-04-01,2.667
MN,2006-05-01,2.745
MN,2006-06-01,2.814
MN,2006-07-01,2.954
MN,2006-08-01,2.938
MN,2006-09-01,2.34
MN,2006-10-01,2.162
MN,2006-11-01,2.18
MN,2006-12-01,2.221
MN,2007-01-01,2.056
MN,2007-02-01,2.222
MN,2007-03-01,2.471
MN,2007-04-01,2.695
MN,2007-05-01,3.153
MN,2007-06-01,2.936
MN,2007-07-01,3.003
MN,2007-08-01,2.847
MN,2007-09-01,2.926
MN,2007-10-01,2.763
MN,2007-11-01,3.005
MN,2007-12-01,2.869
MN,2008-01-01,2.916
MN,2008-02-01,2.947
MN,2008-03-01,3.067
MN,2008-04-01,3.327
MN,2008-05-01,3.644
MN,2008-06-01,3.902
MN,2008-07-01,3.861
MN,2008-08-01,3.615
MN,2008-09-01,3.576
MN,2008-10-01,2.714
MN,2008-11-01,1.932
MN,2008-12-01,1.652
MN,2009-01-01,1.793
MN,2009-02-01,1.893
MN,2009-03-01,1.92
MN,2009-04-01,1.994
MN,2009-05-01,2.25
MN,2009-06-01,2.57
MN,2009-07-01,2.393
MN,2009-08-01,2.517
MN,2009-09-01,2.425
MN,2009-10-01,2.488
MN,2009-11-01,2.601
MN,2009-12-01,2.512
MN,2010-01-01,2.686
MN,2010-02-01,2.602
MN,2010-03-01,2.76
MN,2010-04-01,2.797
MN,2010-05-01,2.751
MN,2010-06-01,2.673
MN,2010-07-01,2.685
MN,2010-08-01,2.681
MN,2010-09-01,2.749
MN,2010-10-01,2.845
MN,2010-11-01,2.807
MN,2010-12-01,2.962
MN,2011-01-01,3.105
MN,2011-02-01,3.223
MN,2011-03-01,3.521
MN,2011-04-01,3.777
MN,2011-05-01,3.858
MN,2011-06-01,3.632
MN,2011-07-01,3.69
MN,2011-08-01,3.685
MN,2011-09-01,3.687
MN,2011-10-01,3.47
MN,2011-11-01,3.302
MN,2011-12-01,3.191
MN,2012-01-01,3.259
MN,2012-02-01,3.437
MN,2012-03-01,3.666
MN,2012-04-01,3.717
MN,2012-05-01,3.601
MN,2012-06-01,3.55
MN,2012-07-01,3.516
MN,2012-08-01,3.71
MN,2012-09-01,3.847
MN,2012-10-01,3.633
MN,2012-11-01,3.257
MN,2012-12-01,3.14
MN,2013-01-01,3.093
MN,2013-02-01,3.655
MN,2013-03-01,3.621
MN,2013-04-01,3.498
MN,2013-05-01,3.943
MN,2013-06-01,3.679
MN,2013-07-01,3.512
MN,2013-08-01,3.523
MN,2013-09-01,3.487
MN,2013-10-01,3.256
MN,2013-11-01,3.079
MN,2013-12-01,3.053
MN,2014-01-01,3.218
MN,2014-02-01,3.29
MN,2014-03-01,3.506
MN,2014-04-01,3.517
MN,2014-05-01,3.495
MN,2014-06-01,3.544
MN,2014-07-01,3.451
MN,2014-08-01,3.337
MN,2014-09-01,3.264
MN,2014-10-01,3.05
MN,2014-11-01,2.858
MN,2014-12-01,2.407
MN,2015-01-01,1.957
MN,2015-02-01,2.156
MN,2015-03-01,2.381
MN,2015-04-01,2.309
MN,2015-05-01,2.541
MN,2015-06-01,2.65
MN,2015-07-01,2.686
MN,2015-08-01,2.561
MN,2015-09-01,2.286
MN,2015-10-01,2.389
MN,2015-11-01,2.13
MN,2015-12-01,1.885
MN,2016-01-01,1.755
MN,2016-02-01,1.605
MN,2016-03-01,1.951
MN,2016-04-01,1.963
MN,2016-05-01,2.171
MN,2016-06-01,2.253
MN,2016-07-01,2.117
MN,2016-08-01,2.144
MN,2016-09-01,2.172
MN,2016-10-01,2.14
MN,2016-11-01,1.991
MN,2016-12-01,2.107
MN,2017-01-01,2.303
MN,2017-02-01,2.26
MN,2017-03-01,2.253
MN,2017-04-01,2.301
MN,2017-05-01,2.292
MN,2017-06-01,2.26
MN,2017-07-01,2.228
MN,2017-08-01,2.299
MN,2017-09-01,2.463
MN,2017-10-01,2.391
MN,2017-11-01,2.494
MN,2017-12-01,2.398
MN,2018-01-01,2.47
MN,2018-02-01,2.539
MN,2018-03-01,2.485
MN,2018-04-01,2.523
MN,2018-05-01,2.746
MN,2018-06-01,2.784
MN,2018-07-01,2.754
MN,2018-08-01,2.75
MN,2018-09-01,2.738
MN,2018-10-01,2.784
MN,2018-11-01,2.546
MN,2018-12-01,2.213
MN,2019-01-01,2.036
MN,2019-02-01,2.144
MN,2019-03-01,2.445
MN,2019-04-01,2.681
MN,2019-05-01,2.711
MN,2019-06-01,2.606
MN,2019-07-01,2.587
MN,2019-08-01,2.537
MN,2019-09-01,2.497
MN,2019-10-01,2.482
MN,2019-11-01,2.448
MN,2019-12-01,2.378
MN,2020-01-01,2.396
MN,2020-02-01,2.285
MN,2020-03-01,2.07
MN,2020-04-01,1.581
MN,2020-05-01,1.695
MN,2020-06-01,1.996
MN,2020-07-01,2.063
MN,2020-08-01,2.049
MN,2020-09-01,2.064
MN,2020-10-01,1.972
MN,2020-11-01,1.929
MN,2020-12-01,2.047
MN,2021-01-01,2.217
MN,2021-02-01,2.375
MN,2021-03-01,2.713
MN,2021-04-01,2.707
MN,2021-05-01,2.776
MN,2021-06-01,2.849
MN,2021-07-01,2.964
MN,2021-08-01,2.998
MN,2021-09-01,2.991
MN,2021-10-01,3.072
MN,2021-11-01,3.164
MN,2021-12-01,3.084
MN,2022-01-01,3.122
MN,2022-02-01,3.352
MN,2022-03-01,3.889
MN,2022-04-01,3.861
MN,2022-05-01,4.063
MN,2022-06-01,4.704
MN,2022-07-01,4.537
MN,2022-08-01,3.925
MN,2022-09-01,3.666
MN,2022-10-01,3.691
MN,2022-11-01,3.488
MN,2022-12-01,3.057
MN,2023-01-01,3.196
MN,2023-02-01,3.284
MN,2023-03-01,3.238
MN,2023-04-01,3.47
MN,2023-05-01,3.482
MN,2023-06-01,3.456
MN,2023-07-01,3.467
MN,2023-08-01,3.758
MN,2023-09-01,3.842
MN,2023-10-01,3.505
MN,2023-11-01,3.188
MN,2023-12-01,2.918
MN,2024-01-01,2.807
MN,2024-02-01,2.981
MN,2024-03-01,3.212
MN,2024-04-01,3.307
MN,2024-05-01,3.273
MN,2024-06-01,3.221
MN,2024-07-01,3.298
MN,2024-08-01,3.285
MN,2024-09-01,3.085
MN,2024-10-01,3.064
MN,2024-11-01,2.955
MN,2024-12-01,2.869
MN,2025-01-01,2.96
MN,2025-02-01,3.002
MN,2025-03-01,3.002
MN,2025-04-01,3.086
MN,2025-05-01,2.993
MN,2025-06-01,2.998
MN,2025-07-01,2.964
MN,2025-08-01,2.933
MN,2025-09-01,3.014
MN,2025-10-01,2.88
MN,2025-11-01,2.93
MN,2025-12-01,2.802
MN,2026-01-01,2.673
MN,2026-02-01,2.682
MN,2026-03-01,3.296
NY,2000-06-01,1.664
NY,2000-07-01,1.711
NY,2000-08-01,1.636
NY,2000-09-01,1.627
NY,2000-10-01,1.622
NY,2000-11-01,1.623
NY,2000-12-01,1.588
NY,2001-01-01,1.544
NY,2001-02-01,1.529
NY,2001-03-01,1.496
NY,2001-04-01,1.582
NY,2001-05-01,1.771
NY,2001-06-01,1.755
NY,2001-07-01,1.618
NY,2001-08-01,1.522
NY,2001-09-01,1.512
NY,2001-10-01,1.419
NY,2001-11-01,1.289
NY,2001-12-01,1.187
NY,2002-01-01,1.205
NY,2002-02-01,1.204
NY,2002-03-01,1.286
NY,2002-04-01,1.471
NY,2002-05-01,1.497
NY,2002-06-01,1.48
NY,2002-07-01,1.478
NY,2002-08-01,1.516
NY,2002-09-01,1.521
NY,2002-10-01,1.54
NY,2002-11-01,1.556
NY,2002-12-01,1.56
NY,2003-01-01,1.602
NY,2003-02-01,1.713
NY,2003-03-01,1.767
NY,2003-04-01,1.718
NY,2003-05-01,1.63
NY,2003-06-01,1.557
NY,2003-07-01,1.581
NY,2003-08-01,1.679
NY,2003-09-01,1.845
NY,2003-10-01,1.754
NY,2003-11-01,1.683
NY,2003-12-01,1.644
NY,2004-01-01,1.701
NY,2004-02-01,1.781
NY,2004-03-01,1.856
NY,2004-04-01,1.876
NY,2004-05-01,2.083
NY,2004-06-01,2.158
NY,2004-07-01,2.077
NY,2004-08-01,2.018
NY,2004-09-01,1.983
NY,2004-10-01,2.111
NY,2004-11-01,2.118
NY,2004-12-01,2.038
NY,2005-01-01,1.967
NY,2005-02-01,2.002
NY,2005-03-01,2.118
NY,2005-04-01,2.29
NY,2005-05-01,2.298
NY,2005-06-01,2.269
NY,2005-07-01,2.412
NY,2005-08-01,2.575
NY,2005-09-01,3.158
NY,2005-10-01,2.83
NY,2005-11-01,2.454
NY,2005-12-01,2.354
NY,2006-01-01,2.546
NY,2006-02-01,2.481
NY,2006-03-01,2.523
NY,2006-04-01,2.88
NY,2006-05-01,3.086
NY,2006-06-01,3.024
NY,2006-07-01,3.111
NY,2006-08-01,3.113
NY,2006-09-01,2.786
NY,2006-10-01,2.428
NY,2006-11-01,2.356
NY,2006-12-01,2.483
NY,2007-01-01,2.461
NY,2007-02-01,2.401
NY,2007-03-01,2.729
NY,2007-04-01,2.972
NY,2007-05-01,3.163
NY,2007-06-01,3.171
NY,2007-07-01,3.096
NY,2007-08-01,2.937
NY,2007-09-01,2.869
NY,2007-10-01,2.907
NY,2007-11-01,3.209
NY,2007-12-01,3.25
NY,2008-01-01,3.267
NY,2008-02-01,3.224
NY,2008-03-01,3.343
NY,2008-04-01,3.545
NY,2008-05-01,3.931
NY,2008-06-01,4.231
NY,2008-07-01,4.248
NY,2008-08-01,3.962
NY,2008-09-01,3.763
NY,2008-10-01,3.281
NY,2008-11-01,2.505
NY,2008-12-01,1.95
NY,2009-01-01,1.879
NY,2009-02-01,2.053
NY,2009-03-01,2.074
NY,2009-04-01,2.162
NY,2009-05-01,2.386
NY,2009-06-01,2.746
NY,2009-07-01,2.739
NY,2009-08-01,2.79
NY,2009-09-01,2.778
NY,2009-10-01,2.724
NY,2009-11-01,2.846
NY,2009-12-01,2.828
NY,2010-01-01,2.894
NY,2010-02-01,2.864
NY,2010-03-01,2.888
NY,2010-04-01,2.959
NY,2010-05-01,3.007
NY,2010-06-01,2.889
NY,2010-07-01,2.865
NY,2010-08-01,2.839
NY,2010-09-01,2.768
NY,2010-10-01,2.939
NY,2010-11-01,3.068
NY,2010-12-01,3.242
NY,2011-01-01,3.322
NY,2011-02-01,3.414
NY,2011-03-01,3.729
NY,2011-04-01,3.954
NY,2011-05-01,4.096
NY,2011-06-01,3.898
NY,2011-07-01,3.87
NY,2011-08-01,3.875
NY,2011-09-01,3.83
NY,2011-10-01,3.68
NY,2011-11-01,3.622
NY,2011-12-01,3.517
NY,2012-01-01,3.625
NY,2012-02-01,3.835
NY,2012-03-01,3.981
NY,2012-04-01,4.088
NY,2012-05-01,3.908
NY,2012-06-01,3.676
NY,2012-07-01,3.654
NY,2012-08-01,3.877
NY,2012-09-01,4.043
NY,2012-10-01,4.014
NY,2012-11-01,3.862
NY,2012-12-01,3.741
NY,2013-01-01,3.7
NY,2013-02-01,3.933
NY,2013-03-01,3.922
NY,2013-04-01,3.763
NY,2013-05-01,3.696
NY,2013-06-01,3.704
NY,2013-07-01,3.799
NY,2013-08-01,3.842
NY,2013-09-01,3.785
NY,2013-10-01,3.594
NY,2013-11-01,3.53
NY,2013-12-01,3.637
NY,2014-01-01,3.636
NY,2014-02-01,3.624
NY,2014-03-01,3.74
NY,2014-04-01,3.799
NY,2014-05-01,3.86
NY,2014-06-01,3.857
NY,2014-07-01,3.843
NY,2014-08-01,3.697
NY,2014-09-01,3.589
NY,2014-10-01,3.44
NY,2014-11-01,3.219
NY,2014-12-01,2.937
NY,2015-01-01,2.512
NY,2015-02-01,2.409
NY,2015-03-01,2.562
NY,2015-04-01,2.595
NY,2015-05-01,2.793
NY,2015-06-01,2.879
NY,2015-07-01,2.883
NY,2015-08-01,2.688
NY,2015-09-01,2.442
NY,2015-10-01,2.314
NY,2015-11-01,2.284
NY,2015-12-01,2.223
NY,2016-01-01,2.107
NY,2016-02-01,1.944
NY,2016-03-01,1.999
NY,2016-04-01,2.186
NY,2016-05-01,2.344
NY,2016-06-01,2.385
NY,2016-07-01,2.341
NY,2016-08-01,2.27
NY,2016-09-01,2.267
NY,2016-10-01,2.309
NY,2016-11-01,2.334
NY,2016-12-01,2.378
NY,2017-01-01,2.477
NY,2017-02-01,2.41
NY,2017-03-01,2.367
NY,2017-04-01,2.449
NY,2017-05-01,2.454
NY,2017-06-01,2.42
NY,2017-07-01,2.37
NY,2017-08-01,2.435
NY,2017-09-01,2.757
NY,2017-10-01,2.597
NY,2017-11-01,2.61
NY,2017-12-01,2.56
NY,2018-01-01,2.626
NY,2018-02-01,2.678
NY,2018-03-01,2.633
NY,2018-04-01,2.798
NY,2018-05-01,2.974
NY,2018-06-01,2.987
NY,2018-07-01,2.925
NY,2018-08-01,2.91
NY,2018-09-01,2.907
NY,2018-10-01,2.908
NY,2018-11-01,2.797
NY,2018-12-01,2.605
NY,2019-01-01,2.444
NY,2019-02-01,2.398
NY,2019-03-01,2.555
NY,2019-04-01,2.772
NY,2019-05-01,2.897
NY,2019-06-01,2.79
NY,2019-07-01,2.799
NY,2019-08-01,2.75
NY,2019-09-01,2.655
NY,2019-10-01,2.602
NY,2019-11-01,2.6
NY,2019-12-01,2.596
NY,2020-01-01,2.632
NY,2020-02-01,2.53
NY,2020-03-01,2.377
NY,2020-04-01,2.128
NY,2020-05-01,2.081
NY,2020-06-01,2.149
NY,2020-07-01,2.197
NY,2020-08-01,2.188
NY,2020-09-01,2.194
NY,2020-10-01,2.163
NY,2020-11-01,2.147
NY,2020-12-01,2.206
NY,2021-01-01,2.353
NY,2021-02-01,2.529
NY,2021-03-01,2.796
NY,2021-04-01,2.812
NY,2021-05-01,2.95
NY,2021-06-01,3.054
NY,2021-07-01,3.12
NY,2021-08-01,3.149
NY,2021-09-01,3.224
NY,2021-10-01,3.35
NY,2021-11-01,3.494
NY,2021-12-01,3.441
NY,2022-01-01,3.419
NY,2022-02-01,3.651
NY,2022-03-01,4.295
NY,2022-04-01,4.11
NY,2022-05-01,4.632
NY,2022-06-01,4.854
NY,2022-07-01,4.594
NY,2022-08-01,4.175
NY,2022-09-01,3.689
NY,2022-10-01,3.596
NY,2022-11-01,3.76
NY,2022-12-01,3.419
NY,2023-01-01,3.369
NY,2023-02-01,3.393
NY,2023-03-01,3.361
NY,2023-04-01,3.513
NY,2023-05-01,3.586
NY,2023-06-01,3.589
NY,2023-07-01,3.617
NY,2023-08-01,3.849
NY,2023-09-01,3.809
NY,2023-10-01,3.68
NY,2023-11-01,3.464
NY,2023-12-01,3.295
NY,2024-01-01,3.158
NY,2024-02-01,3.192
NY,2024-03-01,3.293
NY,2024-04-01,3.493
NY,2024-05-01,3.604
NY,2024-06-01,3.49
NY,2024-07-01,3.508
NY,2024-08-01,3.424
NY,2024-09-01,3.233
NY,2024-10-01,3.126
NY,2024-11-01,3.076
NY,2024-12-01,3.07
NY,2025-01-01,3.079
NY,2025-02-01,3.089
NY,2025-03-01,3.022
NY,2025-04-01,3.033
NY,2025-05-01,3.042
NY,2025-06-01,3.065
NY,2025-07-01,3.079
NY,2025-08-01,3.072
NY,2025-09-01,3.129
NY,2025-10-01,3.037
NY,2025-11-01,3.039
NY,2025-12-01,2.986
NY,2026-01-01,2.879
NY,2026-02-01,2.882
NY,2026-03-01,3.482
OH,2003-05-01,1.421
OH,2003-06-01,1.439
OH,2003-07-01,1.466
OH,2003-08-01,1.596
OH,2003-09-01,1.615
OH,2003-10-01,1.528
OH,2003-11-01,1.474
OH,2003-12-01,1.403
OH,2004-01-01,1.573
OH,2004-02-01,1.644
OH,2004-03-01,1.687
OH,2004-04-01,1.755
OH,2004-05-01,1.931
OH,2004-06-01,1.811
OH,2004-07-01,1.832
OH,2004-08-01,1.833
OH,2004-09-01,1.851
OH,2004-10-01,1.947
OH,2004-11-01,1.887
OH,2004-12-01,1.732
OH,2005-01-01,1.827
OH,2005-02-01,1.901
OH,2005-03-01,2.111
OH,2005-04-01,2.159
OH,2005-05-01,2.031
OH,2005-06-01,2.093
OH,2005-07-01,2.222
OH,2005-08-01,2.437
OH,2005-09-01,2.827
OH,2005-10-01,2.586
OH,2005-11-01,2.079
OH,2005-12-01,2.205
OH,2006-01-01,2.304
OH,2006-02-01,2.19
OH,2006-03-01,2.453
OH,2006-04-01,2.714
OH,2006-05-01,2.784
OH,2006-06-01,2.801
OH,2006-07-01,2.948
OH,2006-08-01,2.785
OH,2006-09-01,2.262
OH,2006-10-01,2.127
OH,2006-11-01,2.227
OH,2006-12-01,2.254
OH,2007-01-01,2.141
OH,2007-02-01,2.326
OH,2007-03-01,2.497
OH,2007-04-01,2.774
OH,2007-05-01,3.215
OH,2007-06-01,3.003
OH,2007-07-01,2.851
OH,2007-08-01,2.741
OH,2007-09-01,2.887
OH,2007-10-01,2.783
OH,2007-11-01,3.09
OH,2007-12-01,2.979
OH,2008-01-01,3.031
OH,2008-02-01,3.024
OH,2008-03-01,3.201
OH,2008-04-01,3.374
OH,2008-05-01,3.784
OH,2008-06-01,3.985
OH,2008-07-01,3.922
OH,2008-08-01,3.67
OH,2008-09-01,3.718
OH,2008-10-01,2.819
OH,2008-11-01,1.886
OH,2008-12-01,1.63
OH,2009-01-01,1.867
OH,2009-02-01,1.837
OH,2009-03-01,1.928
OH,2009-04-01,1.977
OH,2009-05-01,2.316
OH,2009-06-01,2.668
OH,2009-07-01,2.446
OH,2009-08-01,2.526
OH,2009-09-01,2.428
OH,2009-10-01,2.496
OH,2009-11-01,2.564
OH,2009-12-01,2.561
OH,2010-01-01,2.65
OH,2010-02-01,2.518
OH,2010-03-01,2.681
OH,2010-04-01,2.775
OH,2010-05-01,2.687
OH,2010-06-01,2.673
OH,2010-07-01,2.702
OH,2010-08-01,2.64
OH,2010-09-01,2.707
OH,2010-10-01,2.783
OH,2010-11-01,2.857
OH,2010-12-01,2.975
OH,2011-01-01,3.096
OH,2011-02-01,3.145
OH,2011-03-01,3.514
OH,2011-04-01,3.823
OH,2011-05-01,3.911
OH,2011-06-01,3.572
OH,2011-07-01,3.598
OH,2011-08-01,3.586
OH,2011-09-01,3.515
OH,2011-10-01,3.28
OH,2011-11-01,3.228
OH,2011-12-01,3.227
OH,2012-01-01,3.381
OH,2012-02-01,3.475
OH,2012-03-01,3.822
OH,2012-04-01,3.762
OH,2012-05-01,3.671
OH,2012-06-01,3.545
OH,2012-07-01,3.408
OH,2012-08-01,3.776
OH,2012-09-01,3.793
OH,2012-10-01,3.569
OH,2012-11-01,3.415
OH,2012-12-01,3.264
OH,2013-01-01,3.271
OH,2013-02-01,3.624
OH,2013-03-01,3.644
OH,2013-04-01,3.509
OH,2013-05-01,3.687
OH,2013-06-01,3.739
OH,2013-07-01,3.437
OH,2013-08-01,3.494
OH,2013-09-01,3.464
OH,2013-10-01,3.267
OH,2013-11-01,3.18
OH,2013-12-01,3.231
OH,2014-01-01,3.286
OH,2014-02-01,3.442
OH,2014-03-01,3.579
OH,2014-04-01,3.688
OH,2014-05-01,3.712
OH,2014-06-01,3.793
OH,2014-07-01,3.46
OH,2014-08-01,3.444
OH,2014-09-01,3.339
OH,2014-10-01,3.026
OH,2014-11-01,2.82
OH,2014-12-01,2.356
OH,2015-01-01,1.927
OH,2015-02-01,2.232
OH,2015-03-01,2.337
OH,2015-04-01,2.377
OH,2015-05-01,2.566
OH,2015-06-01,2.777
OH,2015-07-01,2.628
OH,2015-08-01,2.511
OH,2015-09-01,2.252
OH,2015-10-01,2.322
OH,2015-11-01,2.022
OH,2015-12-01,1.882
OH,2016-01-01,1.723
OH,2016-02-01,1.618
OH,2016-03-01,1.897
OH,2016-04-01,2.062
OH,2016-05-01,2.301
OH,2016-06-01,2.528
OH,2016-07-01,2.102
OH,2016-08-01,2.12
OH,2016-09-01,2.103
OH,2016-10-01,2.138
OH,2016-11-01,2.064
OH,2016-12-01,2.273
OH,2017-01-01,2.196
OH,2017-02-01,2.08
OH,2017-03-01,2.157
OH,2017-04-01,2.336
OH,2017-05-01,2.262
OH,2017-06-01,2.209
OH,2017-07-01,2.192
OH,2017-08-01,2.239
OH,2017-09-01,2.372
OH,2017-10-01,2.335
OH,2017-11-01,2.504
OH,2017-12-01,2.288
OH,2018-01-01,2.413
OH,2018-02-01,2.321
OH,2018-03-01,2.406
OH,2018-04-01,2.604
OH,2018-05-01,2.774
OH,2018-06-01,2.672
OH,2018-07-01,2.738
OH,2018-08-01,2.73
OH,2018-09-01,2.732
OH,2018-10-01,2.659
OH,2018-11-01,2.375
OH,2018-12-01,2.031
OH,2019-01-01,1.958
OH,2019-02-01,2.198
OH,2019-03-01,2.402
OH,2019-04-01,2.616
OH,2019-05-01,2.657
OH,2019-06-01,2.55
OH,2019-07-01,2.695
OH,2019-08-01,2.57
OH,2019-09-01,2.536
OH,2019-10-01,2.502
OH,2019-11-01,2.468
OH,2019-12-01,2.552
OH,2020-01-01,2.46
OH,2020-02-01,2.315
OH,2020-03-01,1.934
OH,2020-04-01,1.44
OH,2020-05-01,1.815
OH,2020-06-01,2.058
OH,2020-07-01,2.091
OH,2020-08-01,2.076
OH,2020-09-01,2.021
OH,2020-10-01,2.035
OH,2020-11-01,1.946
OH,2020-12-01,2.098
OH,2021-01-01,2.259
OH,2021-02-01,2.44
OH,2021-03-01,2.676
OH,2021-04-01,2.751
OH,2021-05-01,2.856
OH,2021-06-01,2.986
OH,2021-07-01,3.063
OH,2021-08-01,2.978
OH,2021-09-01,3.024
OH,2021-10-01,3.161
OH,2021-11-01,3.216
OH,2021-12-01,3.003
OH,2022-01-01,3.054
OH,2022-02-01,3.306
OH,2022-03-01,4.007
OH,2022-04-01,3.789
OH,2022-05-01,4.219
OH,2022-06-01,4.895
OH,2022-07-01,4.414
OH,2022-08-01,3.641
OH,2022-09-01,3.515
OH,2022-10-01,3.745
OH,2022-11-01,3.663
OH,2022-12-01,3.023
OH,2023-01-01,3.319
OH,2023-02-01,3.228
OH,2023-03-01,3.29
OH,2023-04-01,3.587
OH,2023-05-01,3.476
OH,2023-06-01,3.473
OH,2023-07-01,3.318
OH,2023-08-01,3.533
OH,2023-09-01,3.565
OH,2023-10-01,3.222
OH,2023-11-01,3.098
OH,2023-12-01,2.803
OH,2024-01-01,2.867
OH,2024-02-01,3.168
OH,2024-03-01,3.354
OH,2024-04-01,3.474
OH,2024-05-01,3.476
OH,2024-06-01,3.323
OH,2024-07-01,3.45
OH,2024-08-01,3.371
OH,2024-09-01,3.089
OH,2024-10-01,2.983
OH,2024-11-01,2.827
OH,2024-12-01,2.987
OH,2025-01-01,2.997
OH,2025-02-01,2.934
OH,2025-03-01,2.92
OH,2025-04-01,3.042
OH,2025-05-01,3.015
OH,2025-06-01,3.026
OH,2025-07-01,2.972
OH,2025-08-01,3.147
OH,2025-09-01,2.976
OH,2025-10-01,2.91
OH,2025-11-01,2.981
OH,2025-12-01,2.663
OH,2026-01-01,2.695
OH,2026-02-01,2.758
OH,2026-03-01,3.439
TX,2000-06-01,1.499
TX,2000-07-01,1.507
TX,2000-08-01,1.417
TX,2000-09-01,1.449
TX,2000-10-01,1.424
TX,2000-11-01,1.41
TX,2000-12-01,1.349
TX,2001-01-01,1.363
TX,2001-02-01,1.379
TX,2001-03-01,1.319
TX,2001-04-01,1.48
TX,2001-05-01,1.59
TX,2001-06-01,1.523
TX,2001-07-01,1.314
TX,2001-08-01,1.293
TX,2001-09-01,1.379
TX,2001-10-01,1.225
TX,2001-11-01,1.074
TX,2001-12-01,1.01
TX,2002-01-01,1.041
TX,2002-02-01,1.045
TX,2002-03-01,1.181
TX,2002-04-01,1.333
TX,2002-05-01,1.33
TX,2002-06-01,1.309
TX,2002-07-01,1.301
TX,2002-08-01,1.312
TX,2002-09-01,1.324
TX,2002-10-01,1.39
TX,2002-11-01,1.352
TX,2002-12-01,1.322
TX,2003-01-01,1.407
TX,2003-02-01,1.548
TX,2003-03-01,1.584
TX,2003-04-01,1.476
TX,2003-05-01,1.372
TX,2003-06-01,1.376
TX,2003-07-01,1.419
TX,2003-08-01,1.5
TX,2003-09-01,1.51
TX,2003-10-01,1.409
TX,2003-11-01,1.386
TX,2003-12-01,1.384
TX,2004-01-01,1.486
TX,2004-02-01,1.541
TX,2004-03-01,1.597
TX,2004-04-01,1.664
TX,2004-05-01,1.843
TX,2004-06-01,1.851
TX,2004-07-01,1.792
TX,2004-08-01,1.774
TX,2004-09-01,1.759
TX,2004-10-01,1.872
TX,2004-11-01,1.854
TX,2004-12-01,1.723
TX,2005-01-01,1.735
TX,2005-02-01,1.803
TX,2005-03-01,1.969
TX,2005-04-01,2.131
TX,2005-05-01,2.049
TX,2005-06-01,2.061
TX,2005-07-01,2.189
TX,2005-08-01,2.407
TX,2005-09-01,2.803
TX,2005-10-01,2.679
TX,2005-11-01,2.163
TX,2005-12-01,2.121
TX,2006-01-01,2.248
TX,2006-02-01,2.174
TX,2006-03-01,2.353
TX,2006-04-01,2.734
TX,2006-05-01,2.818
TX,2006-06-01,2.783
TX,2006-07-01,2.865
TX,2006-08-01,2.826
TX,2006-09-01,2.4
TX,2006-10-01,2.106
TX,2006-11-01,2.095
TX,2006-12-01,2.188
TX,2007-01-01,2.1
TX,2007-02-01,2.117
TX,2007-03-01,2.392
TX,2007-04-01,2.715
TX,2007-05-01,2.97
TX,2007-06-01,2.928
TX,2007-07-01,2.853
TX,2007-08-01,2.692
TX,2007-09-01,2.672
TX,2007-10-01,2.676
TX,2007-11-01,2.936
TX,2007-12-01,2.875
TX,2008-01-01,2.918
TX,2008-02-01,2.917
TX,2008-03-01,3.145
TX,2008-04-01,3.366
TX,2008-05-01,3.662
TX,2008-06-01,3.911
TX,2008-07-01,3.927
TX,2008-08-01,3.63
TX,2008-09-01,3.597
TX,2008-10-01,2.853
TX,2008-11-01,1.97
TX,2008-12-01,1.582
TX,2009-01-01,1.644
TX,2009-02-01,1.791
TX,2009-03-01,1.841
TX,2009-04-01,1.958
TX,2009-05-01,2.152
TX,2009-06-01,2.482
TX,2009-07-01,2.367
TX,2009-08-01,2.489
TX,2009-09-01,2.36
TX,2009-10-01,2.392
TX,2009-11-01,2.504
TX,2009-12-01,2.462
TX,2010-01-01,2.567
TX,2010-02-01,2.494
TX,2010-03-01,2.638
TX,2010-04-01,2.734
TX,2010-05-01,2.741
TX,2010-06-01,2.603
TX,2010-07-01,2.572
TX,2010-08-01,2.58
TX,2010-09-01,2.537
TX,2010-10-01,2.643
TX,2010-11-01,2.671
TX,2010-12-01,2.831
TX,2011-01-01,2.94
TX,2011-02-01,3.05
TX,2011-03-01,3.431
TX,2011-04-01,3.69
TX,2011-05-01,3.783
TX,2011-06-01,3.542
TX,2011-07-01,3.539
TX,2011-08-01,3.528
TX,2011-09-01,3.416
TX,2011-10-01,3.265
TX,2011-11-01,3.194
TX,2011-12-01,3.08
TX,2012-01-01,3.208
TX,2012-02-01,3.468
TX,2012-03-01,3.699
TX,2012-04-01,3.784
TX,2012-05-01,3.534
TX,2012-06-01,3.309
TX,2012-07-01,3.263
TX,2012-08-01,3.521
TX,2012-09-01,3.648
TX,2012-10-01,3.478
TX,2012-11-01,3.183
TX,2012-12-01,3.081
TX,2013-01-01,3.175
TX,2013-02-01,3.487
TX,2013-03-01,3.559
TX,2013-04-01,3.405
TX,2013-05-01,3.384
TX,2013-06-01,3.39
TX,2013-07-01,3.448
TX,2013-08-01,3.437
TX,2013-09-01,3.31
TX,2013-10-01,3.105
TX,2013-11-01,3.028
TX,2013-12-01,3.098
TX,2014-01-01,3.114
TX,2014-02-01,3.14
TX,2014-03-01,3.302
TX,2014-04-01,3.47
TX,2014-05-01,3.451
TX,2014-06-01,3.479
TX,2014-07-01,3.439
TX,2014-08-01,3.29
TX,2014-09-01,3.204
TX,2014-10-01,2.972
TX,2014-11-01,2.694
TX,2014-12-01,2.304
TX,2015-01-01,1.889
TX,2015-02-01,2.005
TX,2015-03-01,2.221
TX,2015-04-01,2.242
TX,2015-05-01,2.447
TX,2015-06-01,2.559
TX,2015-07-01,2.519
TX,2015-08-01,2.334
TX,2015-09-01,2.066
TX,2015-10-01,2.006
TX,2015-11-01,1.894
TX,2015-12-01,1.789
TX,2016-01-01,1.694
TX,2016-02-01,1.549
TX,2016-03-01,1.757
TX,2016-04-01,1.89
TX,2016-05-01,2.023
TX,2016-06-01,2.13
TX,2016-07-01,2.043
TX,2016-08-01,1.969
TX,2016-09-01,1.966
TX,2016-10-01,2.02
TX,2016-11-01,1.944
TX,2016-12-01,2.018
TX,2017-01-01,2.132
TX,2017-02-01,2.068
TX,2017-03-01,2.082
TX,2017-04-01,2.208
TX,2017-05-01,2.174
TX,2017-06-01,2.135
TX,2017-07-01,2.056
TX,2017-08-01,2.154
TX,2017-09-01,2.504
TX,2017-10-01,2.286
TX,2017-11-01,2.261
TX,2017-12-01,2.186
TX,2018-01-01,2.277
TX,2018-02-01,2.287
TX,2018-03-01,2.313
TX,2018-04-01,2.485
TX,2018-05-01,2.665
TX,2018-06-01,2.703
TX,2018-07-01,2.614
TX,2018-08-01,2.574
TX,2018-09-01,2.558
TX,2018-10-01,2.572
TX,2018-11-01,2.31
TX,2018-12-01,1.998
TX,2019-01-01,1.902
TX,2019-02-01,2.007
TX,2019-03-01,2.26
TX,2019-04-01,2.521
TX,2019-05-01,2.534
TX,2019-06-01,2.368
TX,2019-07-01,2.449
TX,2019-08-01,2.333
TX,2019-09-01,2.285
TX,2019-10-01,2.25
TX,2019-11-01,2.225
TX,2019-12-01,2.211
TX,2020-01-01,2.218
TX,2020-02-01,2.085
TX,2020-03-01,1.929
TX,2020-04-01,1.519
TX,2020-05-01,1.486
TX,2020-06-01,1.729
TX,2020-07-01,1.859
TX,2020-08-01,1.843
TX,2020-09-01,1.836
TX,2020-10-01,1.8
TX,2020-11-01,1.735
TX,2020-12-01,1.855
TX,2021-01-01,2.009
TX,2021-02-01,2.184
TX,2021-03-01,2.512
TX,2021-04-01,2.53
TX,2021-05-01,2.668
TX,2021-06-01,2.71
TX,2021-07-01,2.785
TX,2021-08-01,2.791
TX,2021-09-01,2.782
TX,2021-10-01,2.9
TX,2021-11-01,2.997
TX,2021-12-01,2.891
TX,2022-01-01,2.93
TX,2022-02-01,3.18
TX,2022-03-01,3.863
TX,2022-04-01,3.707
TX,2022-05-01,4.09
TX,2022-06-01,4.59
TX,2022-07-01,4.061
TX,2022-08-01,3.45
TX,2022-09-01,3.107
TX,2022-10-01,3.144
TX,2022-11-01,2.977
TX,2022-12-01,2.629
TX,2023-01-01,2.939
TX,2023-02-01,2.948
TX,2023-03-01,3.012
TX,2023-04-01,3.248
TX,2023-05-01,3.052
TX,2023-06-01,3.114
TX,2023-07-01,3.224
TX,2023-08-01,3.41
TX,2023-09-01,3.345
TX,2023-10-01,3.066
TX,2023-11-01,2.728
TX,2023-12-01,2.588
TX,2024-01-01,2.655
TX,2024-02-01,2.823
TX,2024-03-01,3.014
TX,2024-04-01,3.192
TX,2024-05-01,3.162
TX,2024-06-01,2.98
TX,2024-07-01,3.071
TX,2024-08-01,2.955
TX,2024-09-01,2.727
TX,2024-10-01,2.665
TX,2024-11-01,2.575
TX,2024-12-01,2.557
TX,2025-01-01,2.643
TX,2025-02-01,2.671
TX,2025-03-01,2.657
TX,2025-04-01,2.728
TX,2025-05-01,2.743
TX,2025-06-01,2.748
TX,2025-07-01,2.719
TX,2025-08-01,2.704
TX,2025-09-01,2.712
TX,2025-10-01,2.596
TX,2025-11-01,2.573
TX,2025-12-01,2.447
TX,2026-01-01,2.373
TX,2026-02-01,2.475
TX,2026-03-01,3.271
WA,2003-05-01,1.543
WA,2003-06-01,1.566
WA,2003-07-01,1.601
WA,2003-08-01,1.761
WA,2003-09-01,1.856
WA,2003-10-01,1.637
WA,2003-11-01,1.585
WA,2003-12-01,1.531
WA,2004-01-01,1.601
WA,2004-02-01,1.691
WA,2004-03-01,1.813
WA,2004-04-01,1.923
WA,2004-05-01,2.208
WA,2004-06-01,2.168
WA,2004-07-01,1.995
WA,2004-08-01,1.952
WA,2004-09-01,1.997
WA,2004-10-01,2.06
WA,2004-11-01,2.042
WA,2004-12-01,1.914
WA,2005-01-01,1.828
WA,2005-02-01,1.954
WA,2005-03-01,2.146
WA,2005-04-01,2.422
WA,2005-05-01,2.407
WA,2005-06-01,2.28
WA,2005-07-01,2.419
WA,2005-08-01,2.612
WA,2005-09-01,2.92
WA,2005-10-01,2.787
WA,2005-11-01,2.438
WA,2005-12-01,2.192
WA,2006-01-01,2.255
WA,2006-02-01,2.282
WA,2006-03-01,2.434
WA,2006-04-01,2.722
WA,2006-05-01,3.109
WA,2006-06-01,3.085
WA,2006-07-01,3.037
WA,2006-08-01,3.056
WA,2006-09-01,2.865
WA,2006-10-01,2.559
WA,2006-11-01,2.505
WA,2006-12-01,2.611
WA,2007-01-01,2.603
WA,2007-02-01,2.461
WA,2007-03-01,2.733
WA,2007-04-01,3.085
WA,2007-05-01,3.401
WA,2007-06-01,3.214
WA,2007-07-01,3.01
WA,2007-08-01,2.838
WA,2007-09-01,2.881
WA,2007-10-01,3.01
WA,2007-11-01,3.231
WA,2007-12-01,3.164
WA,2008-01-01,3.129
WA,2008-02-01,3.134
WA,2008-03-01,3.467
WA,2008-04-01,3.599
WA,2008-05-01,3.866
WA,2008-06-01,4.286
WA,2008-07-01,4.315
WA,2008-08-01,4.021
WA,2008-09-01,3.782
WA,2008-10-01,3.205
WA,2008-11-01,2.334
WA,2008-12-01,1.835
WA,2009-01-01,1.946
WA,2009-02-01,2.137
WA,2009-03-01,2.172
WA,2009-04-01,2.321
WA,2009-05-01,2.497
WA,2009-06-01,2.816
WA,2009-07-01,2.765
WA,2009-08-01,2.865
WA,2009-09-01,2.945
WA,2009-10-01,2.796
WA,2009-11-01,2.842
WA,2009-12-01,2.794
WA,2010-01-01,2.865
WA,2010-02-01,2.824
WA,2010-03-01,2.952
WA,2010-04-01,3.045
WA,2010-05-01,3.034
WA,2010-06-01,2.969
WA,2010-07-01,3.016
WA,2010-08-01,3.104
WA,2010-09-01,3.001
WA,2010-10-01,3.05
WA,2010-11-01,3.103
WA,2010-12-01,3.179
WA,2011-01-01,3.251
WA,2011-02-01,3.364
WA,2011-03-01,3.69
WA,2011-04-01,3.907
WA,2011-05-01,4.017
WA,2011-06-01,3.886
WA,2011-07-01,3.801
WA,2011-08-01,3.802
WA,2011-09-01,3.891
WA,2011-10-01,3.82
WA,2011-11-01,3.727
WA,2011-12-01,3.514
WA,2012-01-01,3.488
WA,2012-02-01,3.664
WA,2012-03-01,4.011
WA,2012-04-01,4.142
WA,2012-05-01,4.215
WA,2012-06-01,4.064
WA,2012-07-01,3.64
WA,2012-08-01,3.898
WA,2012-09-01,4.048
WA,2012-10-01,4.006
WA,2012-11-01,3.572
WA,2012-12-01,3.403
WA,2013-01-01,3.375
WA,2013-02-01,3.612
WA,2013-03-01,3.79
WA,2013-04-01,3.698
WA,2013-05-01,3.907
WA,2013-06-01,3.825
WA,2013-07-01,3.852
WA,2013-08-01,3.808
WA,2013-09-01,3.718
WA,2013-10-01,3.516
WA,2013-11-01,3.325
WA,2013-12-01,3.301
WA,2014-01-01,3.32
WA,2014-02-01,3.331
WA,2014-03-01,3.573
WA,2014-04-01,3.783
WA,2014-05-01,3.865
WA,2014-06-01,3.947
WA,2014-07-01,3.943
WA,2014-08-01,3.862
WA,2014-09-01,3.773
WA,2014-10-01,3.414
WA,2014-11-01,3.097
WA,2014-12-01,2.81
WA,2015-01-01,2.3
WA,2015-02-01,2.237
WA,2015-03-01,2.737
WA,2015-04-01,2.731
WA,2015-05-01,2.978
WA,2015-06-01,3.097
WA,2015-07-01,3.163
WA,2015-08-01,3.038
WA,2015-09-01,2.697
WA,2015-10-01,2.44
WA,2015-11-01,2.432
WA,2015-12-01,2.392
WA,2016-01-01,2.329
WA,2016-02-01,2.044
WA,2016-03-01,2.171
WA,2016-04-01,2.284
WA,2016-05-01,2.502
WA,2016-06-01,2.614
WA,2016-07-01,2.634
WA,2016-08-01,2.551
WA,2016-09-01,2.643
WA,2016-10-01,2.684
WA,2016-11-01,2.624
WA,2016-12-01,2.536
WA,2017-01-01,2.679
WA,2017-02-01,2.698
WA,2017-03-01,2.798
WA,2017-04-01,2.876
WA,2017-05-01,2.871
WA,2017-06-01,2.816
WA,2017-07-01,2.776
WA,2017-08-01,2.858
WA,2017-09-01,3.029
WA,2017-10-01,2.916
WA,2017-11-01,2.967
WA,2017-12-01,2.922
WA,2018-01-01,2.9
WA,2018-02-01,2.964
WA,2018-03-01,3.039
WA,2018-04-01,3.2
WA,2018-05-01,3.331
WA,2018-06-01,3.362
WA,2018-07-01,3.32
WA,2018-08-01,3.281
WA,2018-09-01,3.292
WA,2018-10-01,3.393
WA,2018-11-01,3.356
WA,2018-12-01,3.078
WA,2019-01-01,2.84
WA,2019-02-01,2.741
WA,2019-03-01,2.833
WA,2019-04-01,3.248
WA,2019-05-01,3.445
WA,2019-06-01,3.324
WA,2019-07-01,3.17
WA,2019-08-01,3.092
WA,2019-09-01,3.057
WA,2019-10-01,3.221
WA,2019-11-01,3.271
WA,2019-12-01,3.085
WA,2020-01-01,2.948
WA,2020-02-01,2.911
WA,2020-03-01,2.793
WA,2020-04-01,2.361
WA,2020-05-01,2.274
WA,2020-06-01,2.499
WA,2020-07-01,2.668
WA,2020-08-01,2.719
WA,2020-09-01,2.736
WA,2020-10-01,2.679
WA,2020-11-01,2.648
WA,2020-12-01,2.617
WA,2021-01-01,2.622
WA,2021-02-01,2.756
WA,2021-03-01,3.118
WA,2021-04-01,3.244
WA,2021-05-01,3.402
WA,2021-06-01,3.529
WA,2021-07-01,3.723
WA,2021-08-01,3.789
WA,2021-09-01,3.783
WA,2021-10-01,3.772
WA,2021-11-01,3.781
WA,2021-12-01,3.752
WA,2022-01-01,3.831
WA,2022-02-01,3.868
WA,2022-03-01,4.556
WA,2022-04-01,4.529
WA,2022-05-01,4.854
WA,2022-06-01,5.357
WA,2022-07-01,5.154
WA,2022-08-01,4.707
WA,2022-09-01,4.557
WA,2022-10-01,5.009
WA,2022-11-01,4.57
WA,2022-12-01,3.902
WA,2023-01-01,3.829
WA,2023-02-01,4.027
WA,2023-03-01,4.098
WA,2023-04-01,4.311
WA,2023-05-01,4.509
WA,2023-06-01,4.726
WA,2023-07-01,4.849
WA,2023-08-01,4.954
WA,2023-09-01,4.961
WA,2023-10-01,4.772
WA,2023-11-01,4.304
WA,2023-12-01,4.078
WA,2024-01-01,3.895
WA,2024-02-01,3.826
WA,2024-03-01,4.137
WA,2024-04-01,4.508
WA,2024-05-01,4.504
WA,2024-06-01,4.251
WA,2024-07-01,4.126
WA,2024-08-01,4.047
WA,2024-09-01,3.979
WA,2024-10-01,3.9
WA,2024-11-01,3.853
WA,2024-12-01,3.797
WA,2025-01-01,3.78
WA,2025-02-01,3.947
WA,2025-03-01,3.967
WA,2025-04-01,4.165
WA,2025-05-01,4.158
WA,2025-06-01,4.248
WA,2025-07-01,4.26
WA,2025-08-01,4.298
WA,2025-09-01,4.432
WA,2025-10-01,4.331
WA,2025-11-01,4.095
WA,2025-12-01,3.894
WA,2026-01-01,3.674
WA,2026-02-01,3.945
WA,2026-03-01,4.773
