date,gas_nominal,cpi,gas_real,gas_real_12mo
1976-01-01,0.605,55.8,3.5504175627240144,3.5504175627240144
1976-02-01,0.6,55.9,3.5147763864042934,3.5325969745641537
1976-03-01,0.594,56.0,3.4734149999999993,3.5128696497094354
1976-04-01,0.592,56.1,3.4555493761140816,3.498539581310597
1976-05-01,0.6,56.4,3.483617021276596,3.495555069303797
1976-06-01,0.616,56.7,3.55759012345679,3.5058942449959623
1976-07-01,0.623,57.0,3.5790803508771925,3.5106713763548254
1976-08-01,0.628,57.3,3.5889158813263524,3.523027958841835
1976-09-01,0.63,57.6,3.58159375,3.541057750508502
1976-10-01,0.629,57.9,3.5573806563039723,3.5580296305401506
1976-11-01,0.629,58.1,3.5451349397590355,3.5682826169538906
1976-12-01,0.626,58.4,3.5101020547945203,3.560367938843512
1977-01-01,0.627,58.7,3.49774139693356,3.5468114465195733
1977-02-01,0.637,59.3,3.517572006745363,3.534920800756075
1977-03-01,0.643,59.6,3.5328318791946307,3.526793822288514
1977-04-01,0.651,60.0,3.552941,3.526053879571185
1977-05-01,0.659,60.2,3.584653488372093,3.532640304340028
1977-06-01,0.665,60.5,3.5993537190082643,3.547515581708985
1977-07-01,0.667,60.8,3.5923654605263162,3.5632862589744447
1977-08-01,0.667,61.1,3.5747270049099833,3.572812092001881
1977-09-01,0.666,61.3,3.5577220228384996,3.5769604492758593
1977-10-01,0.665,61.6,3.535079545454545,3.5739835401849507
1977-11-01,0.664,62.0,3.5069909677419355,3.5610397867465906
1977-12-01,0.665,62.3,3.4953595505617976,3.5437074253388463
1978-01-01,0.648,62.7,3.3842755980861243,3.509025781598814
1978-02-01,0.647,63.0,3.3629622222222224,3.4737316511508545
1978-03-01,0.647,63.4,3.3417447949526813,3.437735446503218
1978-04-01,0.649,63.9,3.325845696400626,3.4028631383275645
1978-05-01,0.655,64.5,3.325368992248062,3.372592809078586
1978-06-01,0.663,65.0,3.340092,3.3467148839849528
1978-07-01,0.674,65.5,3.369588396946565,3.3442670171283595
1978-08-01,0.682,65.9,3.388888012139605,3.3485879821145903
1978-09-01,0.688,66.5,3.387856842105263,3.3562733233066866
1978-10-01,0.69,67.1,3.3673233979135615,3.3631862735588425
1978-11-01,0.695,67.5,3.371625185185185,3.370895639048363
1978-12-01,0.705,67.9,3.3999896907216485,3.3808785875019716
1979-01-01,0.716,68.5,3.422793576642335,3.3897461174512666
1979-02-01,0.73,69.2,3.454419075144508,3.4006679612854165
1979-03-01,0.755,69.9,3.536942775393418,3.4255156168334424
1979-04-01,0.802,70.6,3.7198713881019834,3.48427361519818
1979-05-01,0.844,71.4,3.8708156862745096,3.5674720320464
1979-06-01,0.901,72.2,4.0864468144044315,3.6818815526601973
1979-07-01,0.949,73.0,4.2569799999999995,3.820912623219808
1979-08-01,0.988,73.7,4.389830122116689,3.976814464381839
1979-09-01,1.02,74.4,4.489370967741935,4.135552496439924
1979-10-01,1.028,75.2,4.476447872340426,4.261648577146332
1979-11-01,1.041,76.0,4.4853402631578945,4.3640693399602295
1979-12-01,1.065,76.9,4.535044213263978,4.4388355731034865
1980-01-01,1.131,78.0,4.74817,4.520700573103487
1980-02-01,1.207,79.0,5.0030913924050635,4.622910784818216
1980-03-01,1.252,80.1,5.118351061173533,4.727740800390149
1980-04-01,1.264,80.9,5.116309517923362,4.834384407987305
1980-05-01,1.266,81.7,5.074227172582619,4.932532226224759
1980-06-01,1.269,82.5,5.036930181818181,5.01617988765046
1980-07-01,1.271,82.6,5.038761016949152,5.064611723808651
1980-08-01,1.267,83.2,4.986680528846153,5.061876579882166
1980-09-01,1.257,83.9,4.906045530393324,5.026492324752132
1980-10-01,1.25,84.7,4.832644628099173,4.979214843114767
1980-11-01,1.25,85.6,4.781834112149533,4.930482666375919
1980-12-01,1.258,86.4,4.76787824074074,4.8856406761963465
1981-01-01,1.298,87.2,4.874347247706422,4.858238381322558
1981-02-01,1.382,88.0,5.142610454545453,4.88422670227244
1981-03-01,1.417,88.6,5.237142437923251,4.939409520194095
1981-04-01,1.412,89.1,5.189377328843995,4.998864970318233
1981-05-01,1.4,89.7,5.110858416945373,5.053702354450873
1981-06-01,1.391,90.5,5.033114475138121,5.097908393517103
1981-07-01,1.382,91.5,4.945898579234972,5.109833615438528
1981-08-01,1.376,92.2,4.887038611713665,5.0672383082998955
1981-09-01,1.376,93.1,4.839795488721804,5.001013816766322
1981-10-01,1.371,93.4,4.806720128479657,4.937237616705599
1981-11-01,1.369,93.8,4.779240298507463,4.881967930299281
1981-12-01,1.365,94.1,4.750083953241233,4.834796176649799
1982-01-01,1.358,94.4,4.710706355932204,4.795597472766004
1982-02-01,1.334,94.7,4.612794508975713,4.7498901223096786
1982-03-01,1.284,94.7,4.43990116156283,4.683241067783183
1982-04-01,1.225,95.0,4.22251052631579,4.585872800755872
1982-05-01,1.237,95.9,4.223858394160584,4.493309150031393
1982-06-01,1.309,97.0,4.41902206185567,4.438132168133799
1982-07-01,1.331,97.5,4.47024882051282,4.398055912230568
1982-08-01,1.323,97.7,4.434284339815762,4.368304217370576
1982-09-01,1.307,97.7,4.380657318321392,4.358430243497003
1982-10-01,1.295,98.1,4.322739041794088,4.37513499607672
1982-11-01,1.283,98.0,4.287052857142856,4.385667406573764
1982-12-01,1.26,97.7,4.223127942681678,4.353018386711433
1983-01-01,1.23,97.9,4.114155260469866,4.293669460037607
1983-02-01,1.187,98.0,3.966275714285714,4.2156680224492655
1983-03-01,1.152,98.1,3.845401834862385,4.126458775206099
1983-04-01,1.215,98.8,4.026962550607288,4.077162693341632
1983-05-01,1.259,99.2,4.155969153225806,4.0553154093554555
1983-06-01,1.277,99.4,4.2069056338028155,4.052611691208979
1983-07-01,1.288,99.8,4.226137074148297,4.071275326822051
1983-08-01,1.285,100.1,4.203657342657342,4.1108389315506555
1983-09-01,1.274,100.4,4.1552195219123504,4.162475212725649
1983-10-01,1.255,100.8,4.0770069444444434,4.170815945031842
1983-11-01,1.241,101.1,4.019563402571712,4.148081653256161
1983-12-01,1.231,101.4,3.9753773175542406,4.109493600548064
1984-01-01,1.216,102.1,3.900013320274241,4.055139641569055
1984-02-01,1.209,102.6,3.858666081871345,3.997641098104722
1984-03-01,1.21,102.9,3.850598639455782,3.9468709510286275
1984-04-01,1.227,103.3,3.8895781219748304,3.9156328139503582
1984-05-01,1.236,103.5,3.9105368115942025,3.8974617154541065
1984-06-01,1.229,103.7,3.880890453230472,3.8817139047334788
1984-07-01,1.212,104.1,3.8125025936599424,3.8671287836310957
1984-08-01,1.196,104.4,3.751361685823754,3.8492447176231637
1984-09-01,1.203,104.7,3.762506017191977,3.8345626139125297
1984-10-01,1.209,105.1,3.766880494766889,3.814113009377873
1984-11-01,1.207,105.3,3.753506362773029,3.787941267907678
1984-12-01,1.193,105.5,3.7029363033175353,3.758282242922188
1985-01-01,1.148,105.7,3.5565192052980126,3.7156183448618663
1985-02-01,1.131,106.3,3.4840758231420508,3.6710707010815824
1985-03-01,1.159,106.8,3.553615543071161,3.636255622061446
1985-04-01,1.205,107.0,3.6877504672897192,3.623067284148585
1985-05-01,1.231,107.2,3.760291604477612,3.624198157766015
1985-06-01,1.241,107.5,3.7802591627906974,3.637085301011542
1985-07-01,1.242,107.7,3.776279665738161,3.673712044418234
1985-08-01,1.229,107.9,3.729827062094532,3.714670584243647
1985-09-01,1.216,108.1,3.683546345975948,3.736325718061112
1985-10-01,1.204,108.5,3.6337496774193547,3.7273255864160504
1985-11-01,1.207,109.0,3.62609376146789,3.7049592792477637
1985-12-01,1.208,109.5,3.6125267579908673,3.6770038784477923
1986-01-01,1.194,109.9,3.5576636942675153,3.6405678832026847
1986-02-01,1.12,109.7,3.3432561531449405,3.576139398377753
1986-03-01,0.981,109.1,2.944438680109991,3.452954787400093
1986-04-01,0.888,108.7,2.6751102115915364,3.293181543095457
1986-05-01,0.923,109.0,2.772895229357798,3.1509817877437745
1986-06-01,0.955,109.4,2.858540219378427,3.025317364641701
1986-07-01,0.89,109.5,2.66154703196347,2.8759645875910276
1986-08-01,0.843,109.6,2.518693248175182,2.738537436762734
1986-09-01,0.86,110.0,2.5601418181818176,2.674487959774705
1986-10-01,0.831,110.2,2.4693217785843915,2.6401898876068475
1986-11-01,0.821,110.4,2.435187137681159,2.5839052056607414
1986-12-01,0.823,110.8,2.432306678700361,2.512866282214397
1987-01-01,0.862,111.4,2.5338466786355474,2.4915828899930763
1987-02-01,0.905,111.8,2.650727191413238,2.513588547199419
1987-03-01,0.912,112.2,2.6617069518716576,2.530516069481059
1987-04-01,0.934,112.7,2.7138211180124223,2.5712659593857308
1987-05-01,0.941,113.0,2.7269014159292033,2.619885005760405
1987-06-01,0.958,113.5,2.763935506607929,2.675156477078333
1987-07-01,0.971,113.8,2.7940567662565905,2.7185248250151735
1987-08-01,0.995,114.3,2.8505923009623797,2.751835676606697
1987-09-01,0.99,114.7,2.8263766346992147,2.7792806237446235
1987-10-01,0.976,115.0,2.7791387826086957,2.790166901177335
1987-11-01,0.976,115.4,2.7695057192374346,2.797267618395374
1987-12-01,0.961,115.6,2.7222237024221454,2.790315651031077
1988-01-01,0.933,116.0,2.6337946551724136,2.763605299183714
1988-02-01,0.913,116.2,2.5728999999999997,2.7173232490233175
1988-03-01,0.904,116.5,2.5409771673819743,2.6697566711371103
1988-04-01,0.93,117.2,2.5984453924914677,2.6396411061175726
1988-05-01,0.955,117.5,2.6614834042553186,2.6216373869538865
1988-06-01,0.955,118.0,2.6502059322033897,2.6096344252507606
1988-07-01,0.967,118.5,2.6721841350210966,2.616032671892208
1988-08-01,0.987,119.0,2.715991764705882,2.639881299343188
1988-09-01,0.974,119.5,2.6690045188284515,2.661219191250934
1988-10-01,0.957,119.9,2.613671559633027,2.6637568857745277
1988-11-01,0.949,120.3,2.5832048212801326,2.6507104552786633
1988-12-01,0.93,120.7,2.523096934548467,2.629525622336176
1989-01-01,0.918,121.2,2.480266336633663,2.5975393226049373
1989-02-01,0.926,121.6,2.4936509868421055,2.5604825262943076
1989-03-01,0.94,122.2,2.5189230769230764,2.535468952643412
1989-04-01,1.065,123.1,2.833021121039805,2.5720272128778747
1989-05-01,1.119,123.7,2.9622291026677443,2.6351979264424767
1989-06-01,1.114,124.1,2.9394878323932314,2.704596409416604
1989-07-01,1.092,124.5,2.8721792771084336,2.769915232829066
1989-08-01,1.057,124.5,2.7801222489959834,2.817660443188046
1989-09-01,1.029,124.8,2.6999706730769226,2.84783504254702
1989-10-01,1.027,125.4,2.6818295055821366,2.822636439970742
1989-11-01,0.999,125.9,2.5983521842732324,2.76199028690499
1989-12-01,0.98,126.3,2.54086144101346,2.6955525550083617
1990-01-01,1.042,127.5,2.676182901960784,2.662886492483753
1990-02-01,1.037,128.0,2.6529376562499998,2.6416890603594223
1990-03-01,1.023,128.6,2.6049111975116634,2.6258458144318797
1990-04-01,1.044,128.9,2.6521973622963535,2.620907123884249
1990-05-01,1.061,129.1,2.6912088303640584,2.6363832315660534
1990-06-01,1.088,129.9,2.7426980754426484,2.6700226706375845
1990-07-01,1.084,130.5,2.7200508812260535,2.67733400051513
1990-08-01,1.19,131.6,2.961074468085106,2.728690135820981
1990-09-01,1.294,132.5,3.197986716981132,2.8275360557325584
1990-10-01,1.378,133.4,3.382607796101948,2.949271128033491
1990-11-01,1.377,133.7,3.3725685863874344,3.062831087370721
1990-12-01,1.354,134.2,3.3038810730253356,3.1563615869678348
1991-01-01,1.247,134.7,3.031496807720861,3.2082692413836362
1991-02-01,1.143,134.8,2.776608160237388,3.17752485674235
1991-03-01,1.082,134.8,2.6284252225519285,3.0825979410041495
1991-04-01,1.104,135.1,2.6759129533678756,2.9648154672151374
1991-05-01,1.156,135.6,2.7916206489675512,2.8679908109784904
1991-06-01,1.16,136.0,2.793041176470588,2.7828508282193654
1991-07-01,1.127,136.2,2.7095992657856094,2.729201237896824
1991-08-01,1.14,136.6,2.7328286969253295,2.721904660678147
1991-09-01,1.143,137.0,2.7320202919708025,2.7391705055812925
1991-10-01,1.122,137.2,2.6779163265306125,2.7395044011084155
1991-11-01,1.134,137.8,2.694772423802612,2.7233630302475924
1991-12-01,1.123,138.2,2.6609086830680178,2.7013409480138306
1992-01-01,1.073,138.3,2.5405971077368035,2.673173921672363
1992-02-01,1.054,138.6,2.490208080808081,2.6327371523194882
1992-03-01,1.058,139.1,2.4906734723220705,2.592512682378033
1992-04-01,1.079,139.4,2.534643758967001,2.568633921117431
1992-05-01,1.136,139.7,2.6628100214745882,2.5633068540627604
1992-06-01,1.179,140.1,2.7557126338329767,2.5791075125235867
1992-07-01,1.174,140.5,2.736213807829181,2.6117102958723164
1992-08-01,1.158,140.8,2.6931724431818176,2.6455376896012726
1992-09-01,1.158,141.1,2.6874463501063075,2.6783331692319785
1992-10-01,1.154,141.7,2.666823147494707,2.70036306731993
1992-11-01,1.159,142.1,2.6708384236453204,2.701701134348385
1992-12-01,1.136,142.3,2.6141571328179896,2.6781085508458875
1993-01-01,1.117,142.8,2.56143431372549,2.6489786351619387
1993-02-01,1.108,143.1,2.535469461914745,2.62269480495076
1993-03-01,1.098,143.3,2.5090794138171666,2.5929669822359034
1993-04-01,1.112,143.8,2.532235883171071,2.570535771515297
1993-05-01,1.129,144.2,2.5638165048543686,2.5526987850501386
1993-06-01,1.13,144.3,2.564309078309078,2.54439077596532
1993-07-01,1.109,144.5,2.5131705190311417,2.5363468101829283
1993-08-01,1.097,144.8,2.480826104972375,2.527239584025867
1993-09-01,1.085,145.0,2.450304137931034,2.517443704711512
1993-10-01,1.127,145.6,2.534666346153846,2.517848781875307
1993-11-01,1.113,146.0,2.496321780821918,2.506599661203232
1993-12-01,1.07,146.3,2.3949569377990425,2.4783743044515596
1994-01-01,1.043,146.3,2.334523444976076,2.4485997921090488
1994-02-01,1.051,146.7,2.3460154055896387,2.4261313422119257
1994-03-01,1.045,147.1,2.326279401767505,2.4054605528513378
1994-04-01,1.064,147.2,2.366966304347826,2.3775105458836676
1994-05-01,1.08,147.5,2.397673220338983,2.3610691191365123
1994-06-01,1.106,147.9,2.4487542934415143,2.3700353450769236
1994-07-01,1.136,148.4,2.5067018867924524,2.39873175204632
1994-08-01,1.182,149.0,2.5977028187919458,2.440679654246704
1994-09-01,1.177,149.3,2.5815165438713996,2.4832191779306867
1994-10-01,1.152,149.4,2.524992771084337,2.5095569223867717
1994-11-01,1.163,149.8,2.542296261682243,2.533660762610648
1994-12-01,1.143,150.1,2.493582811459027,2.541132182280234
1995-01-01,1.129,150.5,2.456493953488372,2.5327641933962206
1995-02-01,1.12,150.9,2.4304519549370442,2.5048890494204037
1995-03-01,1.115,151.2,2.4148009259259258,2.4771031130961583
1995-04-01,1.14,151.8,2.4591857707509877,2.4661352797072666
1995-05-01,1.2,152.1,2.5835108481262323,2.4730043774479316
1995-06-01,1.226,152.4,2.634291076115485,2.4964557548906745
1995-07-01,1.195,152.6,2.564316513761468,2.5144261816028575
1995-08-01,1.164,152.9,2.492893655984303,2.5248331317774
1995-09-01,1.148,153.1,2.4554152841280206,2.5316021914777496
1995-10-01,1.127,153.5,2.4042177198697066,2.5224408496642026
1995-11-01,1.101,153.7,2.3456959011060508,2.482805025160839
1995-12-01,1.101,153.9,2.3426475633528265,2.434197773033729
1996-01-01,1.129,154.7,2.389801809954751,2.405111989065943
1996-02-01,1.124,155.0,2.374613161290323,2.385398573283613
1996-03-01,1.162,155.5,2.447000128617363,2.38399604736517
1996-04-01,1.251,156.1,2.6242950672645735,2.420675605264315
1996-05-01,1.323,156.4,2.77001010230179,2.4913946387969377
1996-06-01,1.299,156.7,2.7145535417996167,2.5533789685380697
1996-07-01,1.272,157.0,2.6530517197452226,2.5972539535031482
1996-08-01,1.24,157.2,2.5830178117048344,2.6319880619055667
1996-09-01,1.234,157.7,2.5623693088142043,2.6512162586050403
1996-10-01,1.227,158.2,2.5397814159292036,2.637130650049145
1996-11-01,1.25,158.7,2.579237555135476,2.605335225521426
1996-12-01,1.26,159.1,2.5933350094280327,2.585132136792829
1997-01-01,1.261,159.4,2.5905085319949808,2.5747082721677885
1997-02-01,1.255,159.7,2.5733393863494047,2.573095201275217
1997-03-01,1.235,159.8,2.5307453066332917,2.567824534245065
1997-04-01,1.231,159.9,2.5209709818636648,2.5646894619008083
1997-05-01,1.226,159.9,2.510731457160725,2.5532717789050166
1997-06-01,1.229,160.2,2.512161922596754,2.5397429310998034
1997-07-01,1.205,160.4,2.4600330423940147,2.517997016166309
1997-08-01,1.253,160.8,2.5516628109452735,2.514384253598954
1997-09-01,1.277,161.2,2.5940844913151366,2.5249407843792615
1997-10-01,1.242,161.5,2.5182991950464393,2.5244954865763907
1997-11-01,1.213,161.7,2.4564562770562777,2.5154496232256496
1997-12-01,1.177,161.8,2.3820792336217553,2.4937691750631497
1998-01-01,1.131,162.0,2.286155925925926,2.4647896556518014
1998-02-01,1.082,162.0,2.1871093827160495,2.4040307509469305
1998-03-01,1.041,162.0,2.1042337037037036,2.322388953011692
1998-04-01,1.052,162.2,2.1238466091245374,2.2566468553580417
1998-05-01,1.092,162.6,2.199177859778598,2.213767119145095
1998-06-01,1.094,162.8,2.200499017199017,2.1835037497413055
1998-07-01,1.079,163.2,2.1650082107843134,2.16331246388437
1998-08-01,1.052,163.4,2.108249204406365,2.150169100832756
1998-09-01,1.033,163.5,2.0689062996941896,2.1442812001645035
1998-10-01,1.042,163.9,2.081838438071995,2.137279838322413
1998-11-01,1.028,164.1,2.051364290067032,2.1126442433704855
1998-12-01,0.986,164.4,1.9639632603406323,2.073221617227421
1999-01-01,0.972,164.7,1.932550819672131,2.034478718708724
1999-02-01,0.955,164.7,1.8987510625379478,1.9995623617306546
1999-03-01,0.991,164.8,1.9691314320388347,1.9829332171214287
1999-04-01,1.177,165.9,2.3232092827004216,2.0231616912261665
1999-05-01,1.178,166.0,2.3237824096385538,2.0685647111547536
1999-06-01,1.148,166.0,2.264602891566265,2.1186713163590256
1999-07-01,1.189,166.7,2.3356325134973006,2.1858515986632203
1999-08-01,1.255,167.1,2.459379413524835,2.2792896571610353
1999-09-01,1.28,167.8,2.4979070321811676,2.367418923851424
1999-10-01,1.274,168.1,2.4817610945865556,2.393844225832446
1999-11-01,1.264,168.4,2.457894536817102,2.416196247028871
1999-12-01,1.298,168.8,2.5180277251184835,2.4584337192875743
2000-01-01,1.301,169.3,2.5163937389249846,2.488560590192188
2000-02-01,1.369,170.0,2.637016117647059,2.5181667075458916
2000-03-01,1.541,171.0,2.9509699415204675,2.5936771924357753
2000-04-01,1.506,170.9,2.885633469865418,2.6609892549822525
2000-05-01,1.498,171.2,2.865275,2.728885998846069
2000-06-01,1.617,172.2,3.0749292682926828,2.8217029227084356
2000-07-01,1.593,172.7,3.020519861030689,2.9057239430593857
2000-08-01,1.51,172.7,2.863141864504922,2.9434115675356964
2000-09-01,1.582,173.6,2.9841112903225806,2.9489351256693817
2000-10-01,1.559,173.9,2.9356534790109254,2.9572717938603
2000-11-01,1.555,174.2,2.9230786452353614,2.9669057347328605
2000-12-01,1.489,174.6,2.792599885452463,2.919850837592824
2001-01-01,1.472,175.6,2.7449949886104785,2.873930025522789
2001-02-01,1.484,176.0,2.7610831818181816,2.8569202450749986
2001-03-01,1.447,176.1,2.6907133446905167,2.8080205874696547
2001-04-01,1.564,176.4,2.9033301587301588,2.80263336742286
2001-05-01,1.729,177.3,3.1933352509870274,2.847676135048138
2001-06-01,1.64,177.7,3.0221406865503653,2.8859329352311214
2001-07-01,1.482,177.4,2.735601578354002,2.884367366855042
2001-08-01,1.427,177.4,2.6340779030439685,2.863199820392673
2001-09-01,1.531,178.1,2.814942504211117,2.883904680312773
2001-10-01,1.362,177.6,2.5112641891891894,2.818560352055945
2001-11-01,1.263,177.5,2.330039323943662,2.674677697548718
2001-12-01,1.131,177.4,2.0876959413754226,2.518936906686227
2002-01-01,1.139,177.7,2.0989135621834554,2.412822237324469
2002-02-01,1.13,178.0,2.078819101123595,2.3202791036710733
2002-03-01,1.241,178.5,2.276626666666667,2.2305597974136653
2002-04-01,1.407,179.3,2.5696387060791963,2.2402888835619996
2002-05-01,1.421,179.5,2.5923156545961,2.2840016053374064
2002-06-01,1.404,179.6,2.5598766146993315,2.3626983842247244
2002-07-01,1.412,180.0,2.5687417777777775,2.441003086823778
2002-08-01,1.423,180.5,2.58158216066482,2.5247969300806488
2002-09-01,1.422,180.8,2.5754873893805303,2.5746070505329595
2002-10-01,1.449,181.2,2.618595695364238,2.582766548747133
2002-11-01,1.448,181.5,2.612463250688705,2.5861244814292337
2002-12-01,1.394,181.8,2.5108869086908685,2.5779595304278233
2003-01-01,1.473,182.6,2.6415584884994523,2.590095648881436
2003-02-01,1.641,183.6,2.9268075163398692,2.6476332081606104
2003-03-01,1.748,183.9,3.1125616095704185,2.7371455781922585
2003-04-01,1.659,183.2,2.9653719432314407,2.7949416195034593
2003-05-01,1.542,182.9,2.7607617277200656,2.8196580323420193
2003-06-01,1.514,183.1,2.7076703440742764,2.852455271572587
2003-07-01,1.524,183.7,2.71665236799129,2.86497091815456
2003-08-01,1.628,184.5,2.8894573441734415,2.8587458894601556
2003-09-01,1.728,185.1,3.0570009724473253,2.849485783272973
2003-10-01,1.603,184.9,2.838931206057328,2.828412327077288
2003-11-01,1.535,185.0,2.7170329729729725,2.8211242012861057
2003-12-01,1.494,185.5,2.6373328301886794,2.809401282305173
2004-01-01,1.592,186.3,2.798262587224906,2.8230029855107754
2004-02-01,1.672,186.7,2.9325823245848954,2.8301904822460178
2004-03-01,1.766,187.1,3.090830358097274,2.835828713187676
2004-04-01,1.833,187.4,3.2029572038420486,2.896499712818463
2004-05-01,2.009,188.2,3.4955746014877787,3.026256650904264
2004-06-01,2.041,188.9,3.538093488618316,3.176383427309203
2004-07-01,1.939,189.1,3.357720465362242,3.2696264069987593
2004-08-01,1.898,189.2,3.2849845665961945,3.3283601140006422
2004-09-01,1.891,189.8,3.2625229715489987,3.35697554957593
2004-10-01,2.029,190.8,3.4822659329140455,3.4035270044212624
2004-11-01,2.01,191.7,3.43346165884194,3.3931748473136225
2004-12-01,1.882,191.7,3.2148133541992694,3.339294824910448
2005-01-01,1.823,191.6,3.1156554279749473,3.2989506520125658
2005-02-01,1.918,192.4,3.2643881496881493,3.2955179158612253
2005-03-01,2.065,193.1,3.501837907819782,3.335403738573022
2005-04-01,2.283,193.7,3.859531130614352,3.3982812715230732
2005-05-01,2.216,193.6,3.748199173553719,3.4507375239750364
2005-06-01,2.176,193.7,3.6786420237480644,3.5280423022331693
2005-07-01,2.316,194.9,3.891212724474089,3.657301851649693
2005-08-01,2.506,196.1,4.184674961754206,3.810682986994035
2005-09-01,2.927,198.8,4.821304929577464,4.030594157286982
2005-10-01,2.785,199.1,4.580492717227524,4.150754421722511
2005-11-01,2.343,198.1,3.8729872791519435,4.171552439322215
2005-12-01,2.186,198.1,3.6134657243816255,4.160689722761142
2006-01-01,2.315,199.3,3.803662318113396,4.146097988367694
2006-02-01,2.31,199.4,3.7935436308926778,4.080909433224105
2006-03-01,2.401,199.7,3.9370628943415116,3.93353576068478
2006-04-01,2.757,200.7,4.498292077727952,3.9198356541015174
2006-05-01,2.947,201.3,4.793962344759065,4.073331498369371
2006-06-01,2.917,201.8,4.7334034687809705,4.2599877891025955
2006-07-01,2.999,202.9,4.840081517989157,4.432724322415223
2006-08-01,2.985,203.8,4.796212463199214,4.599835794466312
2006-09-01,2.589,202.8,4.18044349112426,4.640399227263436
2006-10-01,2.272,201.9,3.6849386825160964,4.504840328061461
2006-11-01,2.241,202.0,3.632860693069307,4.311323386113167
2006-12-01,2.334,203.1,3.7631296898079762,4.149611089617669
2007-01-01,2.274,203.437,3.66031764133368,3.952983776841755
2007-02-01,2.285,204.226,3.663814107900072,3.7642507176252322
2007-03-01,2.592,205.288,4.134563734850551,3.756604091579614
2007-04-01,2.86,205.904,4.5484089672857255,3.9005158057078853
2007-05-01,3.13,206.755,4.957315663466421,4.121258300774071
2007-06-01,3.052,207.234,4.822605943040235,4.29783767631278
2007-07-01,2.961,207.603,4.670496380110113,4.466200799442186
2007-08-01,2.782,207.667,4.386800599035956,4.586698547964834
2007-09-01,2.789,208.547,4.3792811212820135,4.627484779036744
2007-10-01,2.793,209.19,4.3720817438692094,4.598096908467325
2007-11-01,3.069,210.834,4.766663536241782,4.5663215539298845
2007-12-01,3.02,211.445,4.6770044219537,4.542054633748795
2008-01-01,3.047,212.174,4.702605503030531,4.547406154235532
2008-02-01,3.033,212.687,4.669707974629384,4.594557383501104
2008-03-01,3.258,213.448,4.998241632622465,4.697717468724512
2008-04-01,3.441,213.942,5.266800628207645,4.846837282780918
2008-05-01,3.764,215.208,5.727293780900338,5.006942323557344
2008-06-01,4.065,217.463,6.121155782822825,5.2476342170355315
2008-07-01,4.09,219.016,6.115130401431859,5.483055033435753
2008-08-01,3.786,218.69,5.66904549819379,5.649611287363154
2008-09-01,3.698,218.877,5.532546041840851,5.738662022232885
2008-10-01,3.173,216.995,4.788269683633263,5.658906864803821
2008-11-01,2.151,213.153,3.304511125811037,5.255109755622271
2008-12-01,1.689,211.398,2.6162969375301564,4.670966614740159
2009-01-01,1.787,211.933,2.7611132763656436,4.111963760562457
2009-02-01,1.928,212.705,2.968161914388472,3.661816496594904
2009-03-01,1.949,212.495,3.0034567401585917,3.240301612981194
2009-04-01,2.056,212.709,3.1651587850067457,2.9697831298767743
2009-05-01,2.265,213.022,3.481785449390204,2.999328850473302
2009-06-01,2.631,214.79,4.011114390800316,3.231798426018329
2009-07-01,2.543,214.726,3.878108752549761,3.4179643387156813
2009-08-01,2.627,215.445,3.9928400287776458,3.5887440244472106
2009-09-01,2.574,215.861,3.904744442025192,3.7389586414249774
2009-10-01,2.561,216.509,3.8733958403576754,3.8569981506501327
2009-11-01,2.66,217.234,4.009701980352983,3.944984239143929
2009-12-01,2.621,217.347,3.948859013466944,3.9346083429217003
2010-01-01,2.731,217.488,4.111920013977782,3.973576886493037
2010-02-01,2.659,217.281,4.007327562004961,3.9759914753642565
2010-03-01,2.78,217.353,4.18829645783587,4.023250144666036
2010-04-01,2.858,217.403,4.304819528709356,4.095154092724649
2010-05-01,2.869,217.29,4.323635418104837,4.147476332349958
2010-06-01,2.736,217.199,4.124929488625638,4.176821411543074
2010-07-01,2.736,217.605,4.1172333356310755,4.177706965151956
2010-08-01,2.745,217.923,4.1247491086301125,4.197277222922815
2010-09-01,2.704,218.275,4.0565884320238235,4.1753258852874735
2010-10-01,2.795,219.035,4.1785591343849156,4.1542824862334005
2010-11-01,2.852,219.59,4.252998406120496,4.142509650902677
2010-12-01,2.985,220.472,4.433524892049784,4.193942218140035
2011-01-01,3.091,221.187,4.57612273777392,4.270423785163842
2011-02-01,3.167,221.898,4.673614994276649,4.361901432771598
2011-03-01,3.546,223.046,5.205980649731445,4.5534668023895355
2011-04-01,3.816,224.093,5.5761998812992815,4.786406926875262
2011-05-01,3.933,224.806,5.728940419739685,5.032397262478461
2011-06-01,3.702,224.806,5.392458030479613,5.192219452216766
2011-07-01,3.654,225.395,5.30863080370017,5.31430412987114
2011-08-01,3.63,226.106,5.2571793760448635,5.411564860165843
2011-09-01,3.612,226.597,5.219775725186123,5.413864039408289
2011-10-01,3.468,226.75,5.008296714443219,5.319213511598946
2011-11-01,3.423,227.169,4.934192517464971,5.186755527886493
2011-12-01,3.278,227.223,4.724054695167302,5.075354972001108
2012-01-01,3.399,227.842,4.885124516112041,5.0047705907364195
2012-02-01,3.572,228.329,5.122814535166361,4.982376450590003
2012-03-01,3.868,228.807,5.535736581485706,5.0350365933066
2012-04-01,3.927,229.187,5.610856723985217,5.1354632615636
2012-05-01,3.792,228.713,5.429198690061343,5.217964290329662
2012-06-01,3.552,228.524,5.089784530290035,5.278919262850118
2012-07-01,3.451,228.59,4.943630342534669,5.288670233920555
2012-08-01,3.707,229.918,5.279683278386207,5.314815024457197
2012-09-01,3.856,231.015,5.465817198017445,5.303161793879153
2012-10-01,3.786,231.638,5.352159662922318,5.260045617035336
2012-11-01,3.488,231.249,4.939180191049474,5.178375867200025
2012-12-01,3.331,231.221,4.717431634669861,5.116317051263329
2013-01-01,3.351,231.679,4.736374293742635,5.081774376464657
2013-02-01,3.693,232.937,5.1915744600471365,5.067089573408144
2013-03-01,3.735,232.282,5.265423493856605,5.033690622714672
2013-04-01,3.59,231.797,5.071598855895459,4.986930488210195
2013-05-01,3.623,231.893,5.116099149176559,5.016416981231376
2013-06-01,3.633,232.445,5.118037299146034,5.083184591977405
2013-07-01,3.628,232.9,5.101008501502791,5.143956959937431
2013-08-01,3.6,233.456,5.049585360838873,5.120292110069387
2013-09-01,3.556,233.544,4.985988764429829,5.073719655164925
2013-10-01,3.375,233.669,4.72967103038914,5.016731684247204
2013-11-01,3.251,234.1,4.547511576249466,4.921967088759355
2013-12-01,3.277,234.719,4.571791887320583,4.830926186788447
2014-01-01,3.32,235.288,4.620580735099112,4.750854892387834
2014-02-01,3.364,235.547,4.676669369595028,4.688702227180527
2014-03-01,3.532,236.028,4.900218279187215,4.674407146306757
2014-04-01,3.659,236.468,5.066969484243111,4.73062355528242
2014-05-01,3.691,236.918,5.101574637638339,4.822967398847232
2014-06-01,3.695,237.231,5.100365045040488,4.911062925133882
2014-07-01,3.633,237.498,5.009146098072405,4.9758238189627635
2014-08-01,3.481,237.46,4.8003379937673705,4.996435256324822
2014-09-01,3.403,237.477,4.692439183584094,4.961805407057635
2014-10-01,3.182,237.43,4.388568083224529,4.84873850688787
2014-11-01,2.887,236.983,3.98921872033015,4.663345854003173
2014-12-01,2.56,236.252,3.548319590945262,4.404671611653968
2015-01-01,2.11,234.747,2.9433415549506488,4.060370854467009
2015-02-01,2.249,235.342,3.1293077308767665,3.7818658106519085
2015-03-01,2.483,235.976,3.4456181137064785,3.574062299005639
2015-04-01,2.485,236.222,3.444802346944823,3.416768009625688
2015-05-01,2.775,237.001,3.83416736638242,3.3909261173010665
2015-06-01,2.832,237.657,3.902122470619422,3.449893263913426
2015-07-01,2.832,238.034,3.8959422603493614,3.608660048146545
2015-08-01,2.679,238.033,3.6854778119000304,3.7013550616504225
2015-09-01,2.394,237.498,3.300824596417654,3.6772228087689514
2015-10-01,2.289,237.733,3.1529318184686184,3.6285777206895844
2015-11-01,2.185,238.017,3.0060882205892856,3.4905645297240624
2015-12-01,2.06,237.761,2.8371667346621186,3.3130719070645114
2016-01-01,1.967,237.652,2.7103235823809606,3.1154687940697783
2016-02-01,1.767,237.336,2.4379858934169274,2.9075534743225937
2016-03-01,1.958,238.08,2.6930724126344083,2.806261443692053
2016-04-01,2.134,238.992,2.9239457387694983,2.768097097075533
2016-05-01,2.264,239.557,3.0947517292335434,2.782874348516243
2016-06-01,2.363,240.222,3.221137031579122,2.84686939800241
2016-07-01,2.225,240.101,3.03455004352335,2.9009071415261416
2016-08-01,2.155,240.545,2.9336560726683154,2.9835188380680395
2016-09-01,2.208,241.176,2.997942083789432,3.0343304499272103
2016-10-01,2.243,241.741,3.038345915670076,3.0533971460773066
2016-11-01,2.187,242.026,2.9590003553337243,3.0307719170940035
2016-12-01,2.23,242.637,3.0095813911316083,2.995512643686084
2017-01-01,2.351,243.618,3.160105000451526,3.0164384698407805
2017-02-01,2.299,244.006,3.085295197659074,3.04171165733924
2017-03-01,2.323,243.892,3.118960769520935,3.0618814382944906
2017-04-01,2.418,244.193,3.2425101456634713,3.0959088099600565
2017-05-01,2.386,244.004,3.2020768511991604,3.1364215592709623
2017-06-01,2.337,244.163,3.1342751358723477,3.157203850061086
2017-07-01,2.281,244.243,3.058168545260253,3.14021444086254
2017-08-01,2.374,245.183,3.170652288290787,3.1544406226344925
2017-09-01,2.63,246.435,3.494713819059792,3.2170661308909687
2017-10-01,2.484,246.626,3.2981544524908157,3.2263401820288595
2017-11-01,2.548,247.284,3.3741288558903935,3.2550155161440646
2017-12-01,2.459,247.805,3.249426524888521,3.2742074143134268
2018-01-01,2.539,248.859,3.340931772610193,3.3213346188717505
2018-02-01,2.575,249.529,3.379204421129408,3.356093307678187
2018-03-01,2.572,249.577,3.374618334221503,3.336077393538472
2018-04-01,2.737,250.227,3.5817798239198804,3.38334828877665
2018-05-01,2.907,250.792,3.79568016523653,3.453606840334339
2018-06-01,2.914,251.018,3.8013944816706373,3.545601499798025
2018-07-01,2.873,251.214,3.744984674421012,3.612943650099828
2018-08-01,2.862,251.663,3.7239900978689753,3.6704079295564234
2018-09-01,2.873,252.182,3.730609559762394,3.729739800479905
2018-10-01,2.887,252.772,3.7400385327488803,3.7561162519514046
2018-11-01,2.671,252.594,3.4626541406367526,3.700611914518109
2018-12-01,2.414,252.767,3.1273403569295044,3.5882695603945867
2019-01-01,2.289,252.561,2.9678213976029553,3.4587423475915773
2019-02-01,2.353,253.319,3.041672278826302,3.3450227110844644
2019-03-01,2.564,254.277,3.3019401676124853,3.2735778123928134
2019-04-01,2.835,255.233,3.6372612475659496,3.2564482648623247
2019-05-01,2.901,255.296,3.721019757458009,3.2995092009992004
2019-06-01,2.752,255.213,3.531050220795962,3.366794178310277
2019-07-01,2.776,255.802,3.553642895677125,3.4644310946559718
2019-08-01,2.655,256.036,3.3956408473808364,3.523425856081728
2019-09-01,2.63,256.43,3.358498615606598,3.5328522640807467
2019-10-01,2.673,257.155,3.4037859656627325,3.4939397170968776
2019-11-01,2.62,257.879,3.326929296297876,3.4282579735701884
2019-12-01,2.587,258.63,3.275486293160113,3.3856639856308797
2020-01-01,2.567,259.127,3.2439298876612623,3.33404515096157
2020-02-01,2.465,259.25,3.1135540983606553,3.28703069279154
2020-03-01,2.267,258.076,2.876485298904198,3.206695140007806
2020-04-01,1.876,256.032,2.399367891513561,3.039292127649611
2020-05-01,1.879,255.802,2.4053656343578234,2.8856981839929357
2020-06-01,2.076,257.042,2.6447310556251513,2.7805723110704417
2020-07-01,2.176,258.352,2.758070229764043,2.6995957014209053
2020-08-01,2.177,259.316,2.7490799642135464,2.638850012396387
2020-09-01,2.193,259.997,2.7620310234348855,2.6197742998181686
2020-10-01,2.159,260.319,2.7158453282318997,2.672520539271225
2020-11-01,2.09,260.911,2.6230837335336568,2.708806889133864
2020-12-01,2.168,262.045,2.7092036863897424,2.719552327594629
2021-01-01,2.326,262.687,2.899541888254843,2.743130937343096
2021-02-01,2.496,263.579,3.1009304990154747,2.8017726931434175
2021-03-01,2.791,264.961,3.4493410728371336,2.916324368043792
2021-04-01,2.839,266.614,3.4869096896637086,3.044835094949093
2021-05-01,2.972,268.383,3.6262025538130214,3.212021564995654
2021-06-01,3.154,270.654,3.8159747869974208,3.396483415096933
2021-07-01,3.233,271.903,3.8935877132653918,3.562157719265359
2021-08-01,3.255,272.676,3.9089699863574348,3.696830967155685
2021-09-01,3.265,273.91,3.9033145923843593,3.772493220413556
2021-10-01,3.385,276.55,4.008143554510937,3.859365531221427
2021-11-01,3.482,278.919,4.087981528687541,3.936328693700514
2021-12-01,3.408,280.845,3.973664049564706,3.9626102374617287
2022-01-01,3.413,282.543,3.955578372141585,3.972942013941094
2022-02-01,3.592,284.5,4.134398312829525,4.010513401686443
2022-03-01,4.312,287.674,4.908359879585921,4.17802094955337
2022-04-01,4.271,288.561,4.846745263566456,4.317787901062623
2022-05-01,4.604,291.298,5.1755447685874945,4.4990484410459475
2022-06-01,5.058,294.957,5.615369969181948,4.772666094315489
2022-07-01,4.667,294.913,5.182056470891415,4.9770791107737935
2022-08-01,4.101,295.097,4.55075266776687,5.0464715032633505
2022-09-01,3.881,296.349,4.288431072822921,4.943150035469518
2022-10-01,4.016,298.007,4.4129143275157965,4.870844879461075
2022-11-01,3.853,298.786,4.222766059989423,4.712048428028063
2022-12-01,3.356,298.832,3.677503614070782,4.389070702176201
2023-01-01,3.452,300.42,3.7627052792756808,4.152512170240246
2023-02-01,3.514,301.45,3.8171983413501405,4.030253115837458
2023-03-01,3.551,301.821,3.8526492855036594,3.9576228179509143
2023-04-01,3.735,302.845,4.038577820337136,3.8952334000878035
2023-05-01,3.685,303.334,3.9780904877132133,3.8544541380417687
2023-06-01,3.712,304.014,3.9982748162913553,3.907916005078531
2023-07-01,3.732,304.609,4.0119652406856,3.9494593319801843
2023-08-01,3.955,306.082,4.23123313360472,4.018465130689281
2023-09-01,3.988,307.276,4.2499592548718415,4.08468345891731
2023-10-01,3.782,307.696,4.024926290884509,4.08240820400854
2023-11-01,3.5,308.148,3.719349143917857,4.039284646709314
2023-12-01,3.289,308.741,3.4884124233580898,3.9543075812204367
2024-01-01,3.221,309.698,3.405732875252666,3.853268853648281
2024-02-01,3.359,310.967,3.537153910221985,3.7375889830844913
2024-03-01,3.581,312.345,3.7542917607133135,3.65497773405807
2024-04-01,3.776,313.023,3.9501536947764215,3.642515634706722
2024-05-01,3.755,313.175,3.926278598227827,3.677003877091717
2024-06-01,3.601,313.044,3.766829774728153,3.7234067689867274
2024-07-01,3.622,313.569,3.7824533675203855,3.7861935176980137
2024-08-01,3.521,314.062,3.671207150180537,3.808535724357773
2024-09-01,3.344,314.732,3.479233887879211,3.7626927455520893
2024-10-01,3.279,315.631,3.4018880908402536,3.6713151448960613
2024-11-01,3.181,316.528,3.290862925238841,3.56541253273123
2024-12-01,3.145,317.604,3.242596755708366,3.4780403628945993
2025-01-01,3.211,318.961,3.296559955605857,3.397058127575511
2025-02-01,3.261,319.679,3.340372874039271,3.3419190815519664
2025-03-01,3.232,319.785,3.3095696170864795,3.313641703086511
2025-04-01,3.33,320.302,3.40441770579016,3.3140633055781628
2025-05-01,3.306,320.62,3.376529099869004,3.3283410013498567
2025-06-01,3.306,321.435,3.367967893975454,3.349236191061038
2025-07-01,3.285,322.169,3.3389497437680222,3.356301155754732
2025-08-01,3.295,323.291,3.337490681769675,3.3558207903764656
2025-09-01,3.339,324.245,3.3721073262502115,3.3662437419037547
2025-11-01,3.228,325.063,3.2518031273937673,3.3408079788376885
2025-12-01,3.05,326.031,3.063368207317709,3.288614496745806
2026-01-01,2.961,326.588,2.968905961027349,3.222104174587789
2026-02-01,3.065,327.46,3.065,3.176445883959785
